date_collected,temperature_treatment,days_post_hatch,measurement,file,tank,photo_number,value_mm,treatment,temperature,p_h,replicate_number,vial
5/3/22,10,11,Length,Pcod_OA_2022_T23_3.2x_Rep0001.tif,23,1,6.383,10low,10,low,1,062
5/3/22,10,11,Height,Pcod_OA_2022_T23_3.2x_Rep0001.tif,23,1,0.375,10low,10,low,1,062
5/3/22,10,11,Length,Pcod_OA_2022_T23_3.2x_Rep0002.tif,23,2,6.025,10low,10,low,2,063
5/3/22,10,11,Height,Pcod_OA_2022_T23_3.2x_Rep0002.tif,23,2,0.342,10low,10,low,2,063
5/3/22,10,11,Length,Pcod_OA_2022_T23_3.2x_Rep0003.tif,23,3,6.047,10low,10,low,3,064
5/3/22,10,11,Height,Pcod_OA_2022_T23_3.2x_Rep0003.tif,23,3,0.298,10low,10,low,3,064
5/3/22,10,11,Length,Pcod_OA_2022_T23_3.2x_Rep0004.tif,23,4,5.902,10low,10,low,4,065
5/3/22,10,11,Height,Pcod_OA_2022_T23_3.2x_Rep0004.tif,23,4,0.32,10low,10,low,4,065
5/3/22,10,11,Length,Pcod_OA_2022_T23_3.2x_Rep0005.tif,23,5,5.95,10low,10,low,5,066
5/3/22,10,11,Height,Pcod_OA_2022_T23_3.2x_Rep0005.tif,23,5,0.297,10low,10,low,5,066
5/3/22,10,11,Length,Pcod_OA_2022_T24_3.2x_Rep0001.tif,24,1,5.868,10low,10,low,1,067A
5/3/22,10,11,Height,Pcod_OA_2022_T24_3.2x_Rep0001.tif,24,1,0.265,10low,10,low,1,067A
5/3/22,10,11,Length,Pcod_OA_2022_T24_3.2x_Rep0002.tif,24,2,5.783,10low,10,low,2,067B
5/3/22,10,11,Height,Pcod_OA_2022_T24_3.2x_Rep0002.tif,24,2,0.278,10low,10,low,2,067B
5/3/22,10,11,Length,Pcod_OA_2022_T24_3.2x_Rep0003.tif,24,3,5.159,10low,10,low,3,068
5/3/22,10,11,Height,Pcod_OA_2022_T24_3.2x_Rep0003.tif,24,3,0.217,10low,10,low,3,068
5/3/22,10,11,Length,Pcod_OA_2022_T24_3.2x_Rep0004.tif,24,4,6.014,10low,10,low,4,069
5/3/22,10,11,Height,Pcod_OA_2022_T24_3.2x_Rep0004.tif,24,4,0.313,10low,10,low,4,069
5/3/22,10,11,Length,Pcod_OA_2022_T24_3.2x_Rep0005.tif,24,5,6.256,10low,10,low,5,070
5/3/22,10,11,Height,Pcod_OA_2022_T24_3.2x_Rep0005.tif,24,5,0.321,10low,10,low,5,070
5/3/22,10,11,Length,Pcod_OA_2022_T24_3.2x_Rep0006.tif,24,6,5.294,10low,10,low,6,071
5/3/22,10,11,Height,Pcod_OA_2022_T24_3.2x_Rep0006.tif,24,6,0.254,10low,10,low,6,071
5/3/22,10,11,Length,Pcod_OA_2022_T24_3.2x_Rep0007.tif,24,7,5.316,10low,10,low,7,072
5/3/22,10,11,Height,Pcod_OA_2022_T24_3.2x_Rep0007.tif,24,7,0.241,10low,10,low,7,072
5/3/22,10,11,Length,Pcod_OA_2022_T24_3.2x_Rep0008.tif,24,8,5.862,10low,10,low,8,073
5/3/22,10,11,Height,Pcod_OA_2022_T24_3.2x_Rep0008.tif,24,8,0.3,10low,10,low,8,073
5/3/22,10,11,Length,Pcod_OA_2022_T24_3.2x_Rep0009.tif,24,9,5.152,10low,10,low,9,074
5/3/22,10,11,Height,Pcod_OA_2022_T24_3.2x_Rep0009.tif,24,9,0.262,10low,10,low,9,074
5/3/22,10,11,Length,Pcod_OA_2022_T2_3.2x_Rep0001.tif,2,1,5.338,10amb,10,amb,1,016
5/3/22,10,11,Height,Pcod_OA_2022_T2_3.2x_Rep0001.tif,2,1,0.233,10amb,10,amb,1,016
5/3/22,10,11,Length,Pcod_OA_2022_T2_3.2x_Rep0002.tif,2,2,5.515,10amb,10,amb,2,017
5/3/22,10,11,Height,Pcod_OA_2022_T2_3.2x_Rep0002.tif,2,2,0.279,10amb,10,amb,2,017
5/3/22,10,11,Length,Pcod_OA_2022_T2_3.2x_Rep0003.tif,2,3,5.176,10amb,10,amb,3,018
5/3/22,10,11,Height,Pcod_OA_2022_T2_3.2x_Rep0003.tif,2,3,0.258,10amb,10,amb,3,018
5/3/22,10,11,Length,Pcod_OA_2022_T9_3.2x_Rep0001.tif,9,1,6.284,10amb,10,amb,1,049
5/3/22,10,11,Height,Pcod_OA_2022_T9_3.2x_Rep0001.tif,9,1,0.335,10amb,10,amb,1,049
5/3/22,10,11,Length,Pcod_OA_2022_T9_3.2x_Rep0002.tif,9,2,5.626,10amb,10,amb,2,050
5/3/22,10,11,Height,Pcod_OA_2022_T9_3.2x_Rep0002.tif,9,2,0.259,10amb,10,amb,2,050
5/3/22,10,11,Length,Pcod_OA_2022_T9_3.2x_Rep0003.tif,9,3,5.922,10amb,10,amb,3,051
5/3/22,10,11,Height,Pcod_OA_2022_T9_3.2x_Rep0003.tif,9,3,0.309,10amb,10,amb,3,051
5/3/22,10,11,Length,Pcod_OA_2022_T9_3.2x_Rep0004.tif,9,4,5.614,10amb,10,amb,4,052
5/3/22,10,11,Height,Pcod_OA_2022_T9_3.2x_Rep0004.tif,9,4,0.285,10amb,10,amb,4,052
5/3/22,10,11,Length,Pcod_OA_2022_T9_3.2x_Rep0005.tif,9,5,6.204,10amb,10,amb,5,053
5/3/22,10,11,Height,Pcod_OA_2022_T9_3.2x_Rep0005.tif,9,5,0.332,10amb,10,amb,5,053
5/3/22,10,11,Length,Pcod_OA_2022_T9_3.2x_Rep0006.tif,9,6,5.152,10amb,10,amb,6,054
5/3/22,10,11,Height,Pcod_OA_2022_T9_3.2x_Rep0006.tif,9,6,0.239,10amb,10,amb,6,054
5/3/22,10,11,Length,Pcod_OA_2022_T9_3.2x_Rep0007.tif,9,7,5.636,10amb,10,amb,7,055
5/3/22,10,11,Height,Pcod_OA_2022_T9_3.2x_Rep0007.tif,9,7,0.286,10amb,10,amb,7,055
5/3/22,10,11,Length,Pcod_OA_2022_T9_3.2x_Rep0008.tif,9,8,6.281,10amb,10,amb,8,056
5/3/22,10,11,Height,Pcod_OA_2022_T9_3.2x_Rep0008.tif,9,8,0.341,10amb,10,amb,8,056
5/3/22,10,11,Length,Pcod_OA_2022_T9_3.2x_Rep0009.tif,9,9,5.221,10amb,10,amb,9,057
5/3/22,10,11,Height,Pcod_OA_2022_T9_3.2x_Rep0009.tif,9,9,0.229,10amb,10,amb,9,057
5/3/22,10,11,Length,Pcod_OA_2022_T9_3.2x_Rep0010.tif,9,10,5.238,10amb,10,amb,10,058
5/3/22,10,11,Height,Pcod_OA_2022_T9_3.2x_Rep0010.tif,9,10,0.226,10amb,10,amb,10,058
5/3/22,10,11,Length,Pcod_OA_2022_T9_3.2x_Rep0011.tif,9,11,4.957,10amb,10,amb,11,059
5/3/22,10,11,Height,Pcod_OA_2022_T9_3.2x_Rep0011.tif,9,11,0.214,10amb,10,amb,11,059
5/3/22,10,11,Length,Pcod_OA_2022_T10_3.2x_Rep0001.tif,10,1,5.412,10amb,10,amb,1,060
5/3/22,10,11,Height,Pcod_OA_2022_T10_3.2x_Rep0001.tif,10,1,0.276,10amb,10,amb,1,060
5/3/22,10,11,Length,Pcod_OA_2022_T10_3.2x_Rep0002.tif,10,2,5.415,10amb,10,amb,2,061
5/3/22,10,11,Height,Pcod_OA_2022_T10_3.2x_Rep0002.tif,10,2,0.25,10amb,10,amb,2,061
5/3/22,10,11,Length,Pcod_OA_2022_T11_3.2x_Rep0001.tif,11,1,6.327,10low,10,low,1,019
5/3/22,10,11,Height,Pcod_OA_2022_T11_3.2x_Rep0001.tif,11,1,0.34,10low,10,low,1,019
5/3/22,10,11,Length,Pcod_OA_2022_T11_3.2x_Rep0002.tif,11,2,6.073,10low,10,low,2,020
5/3/22,10,11,Height,Pcod_OA_2022_T11_3.2x_Rep0002.tif,11,2,0.294,10low,10,low,2,020
5/3/22,10,11,Length,Pcod_OA_2022_T11_3.2x_Rep0003.tif,11,3,6.055,10low,10,low,3,021
5/3/22,10,11,Height,Pcod_OA_2022_T11_3.2x_Rep0003.tif,11,3,0.302,10low,10,low,3,021
5/3/22,10,11,Length,Pcod_OA_2022_T11_3.2x_Rep0004.tif,11,4,5.793,10low,10,low,4,022
5/3/22,10,11,Height,Pcod_OA_2022_T11_3.2x_Rep0004.tif,11,4,0.278,10low,10,low,4,022
5/3/22,10,11,Length,Pcod_OA_2022_T11_3.2x_Rep0005.tif,11,5,5.905,10low,10,low,5,023
5/3/22,10,11,Height,Pcod_OA_2022_T11_3.2x_Rep0005.tif,11,5,0.306,10low,10,low,5,023
5/3/22,10,11,Length,Pcod_OA_2022_T11_3.2x_Rep0006.tif,11,6,5.472,10low,10,low,6,024
5/3/22,10,11,Height,Pcod_OA_2022_T11_3.2x_Rep0006.tif,11,6,0.256,10low,10,low,6,024
5/3/22,10,11,Length,Pcod_OA_2022_T11_3.2x_Rep0007.tif,11,7,5.876,10low,10,low,7,025
5/3/22,10,11,Height,Pcod_OA_2022_T11_3.2x_Rep0007.tif,11,7,0.291,10low,10,low,7,025
5/3/22,10,11,Length,Pcod_OA_2022_T11_3.2x_Rep0008.tif,11,8,5.751,10low,10,low,8,026
5/3/22,10,11,Height,Pcod_OA_2022_T11_3.2x_Rep0008.tif,11,8,0.269,10low,10,low,8,026
5/3/22,10,11,Length,Pcod_OA_2022_T11_3.2x_Rep0009.tif,11,9,5.791,10low,10,low,9,027
5/3/22,10,11,Height,Pcod_OA_2022_T11_3.2x_Rep0009.tif,11,9,0.29,10low,10,low,9,027
5/3/22,10,11,Length,Pcod_OA_2022_T11_3.2x_Rep0010.tif,11,10,5.708,10low,10,low,10,028
5/3/22,10,11,Height,Pcod_OA_2022_T11_3.2x_Rep0010.tif,11,10,0.266,10low,10,low,10,028
5/3/22,10,11,Length,Pcod_OA_2022_T11_3.2x_Rep0011.tif,11,11,6.19,10low,10,low,11,029
5/3/22,10,11,Height,Pcod_OA_2022_T11_3.2x_Rep0011.tif,11,11,0.31,10low,10,low,11,029
5/3/22,10,11,Length,Pcod_OA_2022_T11_3.2x_Rep0012.tif,11,12,5.731,10low,10,low,12,030
5/3/22,10,11,Height,Pcod_OA_2022_T11_3.2x_Rep0012.tif,11,12,0.268,10low,10,low,12,030
5/3/22,10,11,Length,Pcod_OA_2022_T11_3.2x_Rep0013.tif,11,13,5.847,10low,10,low,13,031
5/3/22,10,11,Height,Pcod_OA_2022_T11_3.2x_Rep0013.tif,11,13,0.285,10low,10,low,13,031
5/3/22,10,11,Length,Pcod_OA_2022_T11_3.2x_Rep0014.tif,11,14,6.093,10low,10,low,14,032
5/3/22,10,11,Height,Pcod_OA_2022_T11_3.2x_Rep0014.tif,11,14,0.307,10low,10,low,14,032
5/3/22,10,11,Length,Pcod_OA_2022_T11_3.2x_Rep0015.tif,11,15,5.754,10low,10,low,15,033
5/3/22,10,11,Height,Pcod_OA_2022_T11_3.2x_Rep0015.tif,11,15,0.289,10low,10,low,15,033
5/3/22,10,11,Length,Pcod_OA_2022_T12_3.2x_Rep0001.tif,12,1,5.441,10low,10,low,1,034
5/3/22,10,11,Height,Pcod_OA_2022_T12_3.2x_Rep0001.tif,12,1,0.248,10low,10,low,1,034
5/3/22,10,11,Length,Pcod_OA_2022_T12_3.2x_Rep0002.tif,12,2,5.838,10low,10,low,2,035
5/3/22,10,11,Height,Pcod_OA_2022_T12_3.2x_Rep0002.tif,12,2,0.301,10low,10,low,2,035
5/3/22,10,11,Length,Pcod_OA_2022_T12_3.2x_Rep0003.tif,12,3,6.237,10low,10,low,3,036
5/3/22,10,11,Height,Pcod_OA_2022_T12_3.2x_Rep0003.tif,12,3,0.324,10low,10,low,3,036
5/3/22,10,11,Length,Pcod_OA_2022_T12_3.2x_Rep0004.tif,12,4,6.452,10low,10,low,4,037
5/3/22,10,11,Height,Pcod_OA_2022_T12_3.2x_Rep0004.tif,12,4,0.379,10low,10,low,4,037
5/3/22,10,11,Length,Pcod_OA_2022_T12_3.2x_Rep0005.tif,12,5,5.458,10low,10,low,5,038
5/3/22,10,11,Height,Pcod_OA_2022_T12_3.2x_Rep0005.tif,12,5,0.25,10low,10,low,5,038
5/3/22,10,11,Length,Pcod_OA_2022_T12_3.2x_Rep0006.tif,12,6,5.262,10low,10,low,6,039
5/3/22,10,11,Height,Pcod_OA_2022_T12_3.2x_Rep0006.tif,12,6,0.255,10low,10,low,6,039
5/3/22,10,11,Length,Pcod_OA_2022_T12_3.2x_Rep0007.tif,12,7,5.804,10low,10,low,7,040
5/3/22,10,11,Height,Pcod_OA_2022_T12_3.2x_Rep0007.tif,12,7,0.292,10low,10,low,7,040
5/3/22,10,11,Length,Pcod_OA_2022_T12_3.2x_Rep0008.tif,12,8,6.837,10low,10,low,8,041
5/3/22,10,11,Height,Pcod_OA_2022_T12_3.2x_Rep0008.tif,12,8,0.372,10low,10,low,8,041
5/3/22,10,11,Length,Pcod_OA_2022_T12_3.2x_Rep0009.tif,12,9,5.382,10low,10,low,9,042
5/3/22,10,11,Height,Pcod_OA_2022_T12_3.2x_Rep0009.tif,12,9,0.262,10low,10,low,9,042
5/3/22,10,11,Length,Pcod_OA_2022_T12_3.2x_Rep0010.tif,12,10,6.036,10low,10,low,10,043
5/3/22,10,11,Height,Pcod_OA_2022_T12_3.2x_Rep0010.tif,12,10,0.321,10low,10,low,10,043
5/3/22,10,11,Length,Pcod_OA_2022_T12_3.2x_Rep0011.tif,12,11,5.365,10low,10,low,11,044
5/3/22,10,11,Height,Pcod_OA_2022_T12_3.2x_Rep0011.tif,12,11,0.265,10low,10,low,11,044
5/3/22,10,11,Length,Pcod_OA_2022_T12_3.2x_Rep0012.tif,12,12,5.474,10low,10,low,12,045
5/3/22,10,11,Height,Pcod_OA_2022_T12_3.2x_Rep0012.tif,12,12,0.243,10low,10,low,12,045
5/3/22,10,11,Length,Pcod_OA_2022_T12_3.2x_Rep0013.tif,12,13,6.191,10low,10,low,13,046
5/3/22,10,11,Height,Pcod_OA_2022_T12_3.2x_Rep0013.tif,12,13,0.339,10low,10,low,13,046
5/3/22,10,11,Length,Pcod_OA_2022_T12_3.2x_Rep0014.tif,12,14,5.854,10low,10,low,14,047
5/3/22,10,11,Height,Pcod_OA_2022_T12_3.2x_Rep0014.tif,12,14,0.302,10low,10,low,14,047
5/3/22,10,11,Length,Pcod_OA_2022_T12_3.2x_Rep0015.tif,12,15,6.13,10low,10,low,15,048
5/3/22,10,11,Height,Pcod_OA_2022_T12_3.2x_Rep0015.tif,12,15,0.34,10low,10,low,15,048
5/3/22,10,11,Length,Pcod_OA_2022_T1_3.2x_Rep0001.tif,1,1,5.826,10amb,10,amb,1,001
5/3/22,10,11,Height,Pcod_OA_2022_T1_3.2x_Rep0001.tif,1,1,0.311,10amb,10,amb,1,001
5/3/22,10,11,Length,Pcod_OA_2022_T1_3.2x_Rep0002.tif,1,2,5.622,10amb,10,amb,2,002
5/3/22,10,11,Height,Pcod_OA_2022_T1_3.2x_Rep0002.tif,1,2,0.295,10amb,10,amb,2,002
5/3/22,10,11,Length,Pcod_OA_2022_T1_3.2x_Rep0003.tif,1,3,5.648,10amb,10,amb,3,003
5/3/22,10,11,Height,Pcod_OA_2022_T1_3.2x_Rep0003.tif,1,3,0.284,10amb,10,amb,3,003
5/3/22,10,11,Length,Pcod_OA_2022_T1_3.2x_Rep0004.tif,1,4,5.762,10amb,10,amb,4,004
5/3/22,10,11,Height,Pcod_OA_2022_T1_3.2x_Rep0004.tif,1,4,0.305,10amb,10,amb,4,004
5/3/22,10,11,Length,Pcod_OA_2022_T1_3.2x_Rep0005.tif,1,5,5.904,10amb,10,amb,5,005
5/3/22,10,11,Height,Pcod_OA_2022_T1_3.2x_Rep0005.tif,1,5,0.311,10amb,10,amb,5,005
5/3/22,10,11,Length,Pcod_OA_2022_T1_3.2x_Rep0006.tif,1,6,5.287,10amb,10,amb,6,006
5/3/22,10,11,Height,Pcod_OA_2022_T1_3.2x_Rep0006.tif,1,6,0.246,10amb,10,amb,6,006
5/3/22,10,11,Length,Pcod_OA_2022_T1_3.2x_Rep0007.tif,1,7,5.391,10amb,10,amb,7,007
5/3/22,10,11,Height,Pcod_OA_2022_T1_3.2x_Rep0007.tif,1,7,0.25,10amb,10,amb,7,007
5/3/22,10,11,Length,Pcod_OA_2022_T1_3.2x_Rep0008.tif,1,8,5.748,10amb,10,amb,8,008
5/3/22,10,11,Height,Pcod_OA_2022_T1_3.2x_Rep0008.tif,1,8,0.27,10amb,10,amb,8,008
5/3/22,10,11,Length,Pcod_OA_2022_T1_3.2x_Rep0009.tif,1,9,5.728,10amb,10,amb,9,009
5/3/22,10,11,Height,Pcod_OA_2022_T1_3.2x_Rep0009.tif,1,9,0.292,10amb,10,amb,9,009
5/3/22,10,11,Length,Pcod_OA_2022_T1_3.2x_Rep0010.tif,1,10,5.725,10amb,10,amb,10,010
5/3/22,10,11,Height,Pcod_OA_2022_T1_3.2x_Rep0010.tif,1,10,0.289,10amb,10,amb,10,010
5/3/22,10,11,Length,Pcod_OA_2022_T1_3.2x_Rep0011.tif,1,11,5.707,10amb,10,amb,11,011
5/3/22,10,11,Height,Pcod_OA_2022_T1_3.2x_Rep0011.tif,1,11,0.292,10amb,10,amb,11,011
5/3/22,10,11,Length,Pcod_OA_2022_T1_3.2x_Rep0012.tif,1,12,5.407,10amb,10,amb,12,012
5/3/22,10,11,Height,Pcod_OA_2022_T1_3.2x_Rep0012.tif,1,12,0.289,10amb,10,amb,12,012
5/3/22,10,11,Length,Pcod_OA_2022_T1_3.2x_Rep0013.tif,1,13,5.712,10amb,10,amb,13,013
5/3/22,10,11,Height,Pcod_OA_2022_T1_3.2x_Rep0013.tif,1,13,0.275,10amb,10,amb,13,013
5/3/22,10,11,Length,Pcod_OA_2022_T1_3.2x_Rep0014.tif,1,14,5.819,10amb,10,amb,14,014
5/3/22,10,11,Height,Pcod_OA_2022_T1_3.2x_Rep0014.tif,1,14,0.321,10amb,10,amb,14,014
5/3/22,10,11,Length,Pcod_OA_2022_T1_3.2x_Rep0015.tif,1,15,5.904,10amb,10,amb,15,015
5/3/22,10,11,Height,Pcod_OA_2022_T1_3.2x_Rep0015.tif,1,15,0.323,10amb,10,amb,15,015
5/16/22,6,19,Length,Pcod_OA_051622_3.2x_T3_rep0001.tif,3,1,7.001,6amb,6,amb,1,075
5/16/22,6,19,Length,Pcod_OA_051622_3.2x_T3_rep0001.tif,3,1,7.001,6amb,6,amb,1,115
5/16/22,6,19,Length,Pcod_OA_051622_3.2x_T3_rep0001.tif,3,1,7.001,6amb,6,amb,1,198
5/16/22,6,19,Height,Pcod_OA_051622_3.2x_T3_rep0001.tif,3,1,0.415,6amb,6,amb,1,075
5/16/22,6,19,Height,Pcod_OA_051622_3.2x_T3_rep0001.tif,3,1,0.415,6amb,6,amb,1,115
5/16/22,6,19,Height,Pcod_OA_051622_3.2x_T3_rep0001.tif,3,1,0.415,6amb,6,amb,1,198
5/16/22,6,19,Length,Pcod_OA_051622_3.2x_T3_rep0002.tif,3,2,5.557,6amb,6,amb,2,076
5/16/22,6,19,Length,Pcod_OA_051622_3.2x_T3_rep0002.tif,3,2,5.557,6amb,6,amb,2,116
5/16/22,6,19,Length,Pcod_OA_051622_3.2x_T3_rep0002.tif,3,2,5.557,6amb,6,amb,2,199
5/16/22,6,19,Height,Pcod_OA_051622_3.2x_T3_rep0002.tif,3,2,0.284,6amb,6,amb,2,076
5/16/22,6,19,Height,Pcod_OA_051622_3.2x_T3_rep0002.tif,3,2,0.284,6amb,6,amb,2,116
5/16/22,6,19,Height,Pcod_OA_051622_3.2x_T3_rep0002.tif,3,2,0.284,6amb,6,amb,2,199
5/16/22,6,19,Length,Pcod_OA_051622_3.2x_T3_rep0003.tif,3,3,6.695,6amb,6,amb,3,077
5/16/22,6,19,Length,Pcod_OA_051622_3.2x_T3_rep0003.tif,3,3,6.695,6amb,6,amb,3,117
5/16/22,6,19,Length,Pcod_OA_051622_3.2x_T3_rep0003.tif,3,3,6.695,6amb,6,amb,3,200
5/16/22,6,19,Height,Pcod_OA_051622_3.2x_T3_rep0003.tif,3,3,0.394,6amb,6,amb,3,077
5/16/22,6,19,Height,Pcod_OA_051622_3.2x_T3_rep0003.tif,3,3,0.394,6amb,6,amb,3,117
5/16/22,6,19,Height,Pcod_OA_051622_3.2x_T3_rep0003.tif,3,3,0.394,6amb,6,amb,3,200
5/16/22,6,19,Length,Pcod_OA_051622_3.2x_T3_rep0004.tif,3,4,7.125,6amb,6,amb,4,078
5/16/22,6,19,Length,Pcod_OA_051622_3.2x_T3_rep0004.tif,3,4,7.125,6amb,6,amb,4,118
5/16/22,6,19,Length,Pcod_OA_051622_3.2x_T3_rep0004.tif,3,4,7.125,6amb,6,amb,4,201
5/16/22,6,19,Height,Pcod_OA_051622_3.2x_T3_rep0004.tif,3,4,0.408,6amb,6,amb,4,078
5/16/22,6,19,Height,Pcod_OA_051622_3.2x_T3_rep0004.tif,3,4,0.408,6amb,6,amb,4,118
5/16/22,6,19,Height,Pcod_OA_051622_3.2x_T3_rep0004.tif,3,4,0.408,6amb,6,amb,4,201
5/16/22,6,19,Length,Pcod_OA_051622_3.2x_T3_rep0005.tif,3,5,6.677,6amb,6,amb,5,079
5/16/22,6,19,Length,Pcod_OA_051622_3.2x_T3_rep0005.tif,3,5,6.677,6amb,6,amb,5,119
5/16/22,6,19,Length,Pcod_OA_051622_3.2x_T3_rep0005.tif,3,5,6.677,6amb,6,amb,5,202
5/16/22,6,19,Height,Pcod_OA_051622_3.2x_T3_rep0005.tif,3,5,0.396,6amb,6,amb,5,079
5/16/22,6,19,Height,Pcod_OA_051622_3.2x_T3_rep0005.tif,3,5,0.396,6amb,6,amb,5,119
5/16/22,6,19,Height,Pcod_OA_051622_3.2x_T3_rep0005.tif,3,5,0.396,6amb,6,amb,5,202
5/16/22,6,19,Length,Pcod_OA_051622_3.2x_T3_rep0006.tif,3,6,6.757,6amb,6,amb,6,120
5/16/22,6,19,Length,Pcod_OA_051622_3.2x_T3_rep0006.tif,3,6,6.757,6amb,6,amb,6,203
5/16/22,6,19,Height,Pcod_OA_051622_3.2x_T3_rep0006.tif,3,6,0.381,6amb,6,amb,6,120
5/16/22,6,19,Height,Pcod_OA_051622_3.2x_T3_rep0006.tif,3,6,0.381,6amb,6,amb,6,203
5/16/22,6,19,Length,Pcod_OA_051622_3.2x_T3_rep0007.tif,3,7,6.68,6amb,6,amb,7,121
5/16/22,6,19,Length,Pcod_OA_051622_3.2x_T3_rep0007.tif,3,7,6.68,6amb,6,amb,7,204
5/16/22,6,19,Height,Pcod_OA_051622_3.2x_T3_rep0007.tif,3,7,0.385,6amb,6,amb,7,121
5/16/22,6,19,Height,Pcod_OA_051622_3.2x_T3_rep0007.tif,3,7,0.385,6amb,6,amb,7,204
5/16/22,6,19,Length,Pcod_OA_051622_3.2x_T3_rep0008.tif,3,8,7.18,6amb,6,amb,8,122
5/16/22,6,19,Length,Pcod_OA_051622_3.2x_T3_rep0008.tif,3,8,7.18,6amb,6,amb,8,205
5/16/22,6,19,Height,Pcod_OA_051622_3.2x_T3_rep0008.tif,3,8,0.424,6amb,6,amb,8,122
5/16/22,6,19,Height,Pcod_OA_051622_3.2x_T3_rep0008.tif,3,8,0.424,6amb,6,amb,8,205
5/16/22,6,19,Length,Pcod_OA_051622_3.2x_T3_rep0009.tif,3,9,5.798,6amb,6,amb,9,123
5/16/22,6,19,Length,Pcod_OA_051622_3.2x_T3_rep0009.tif,3,9,5.798,6amb,6,amb,9,206
5/16/22,6,19,Height,Pcod_OA_051622_3.2x_T3_rep0009.tif,3,9,0.297,6amb,6,amb,9,123
5/16/22,6,19,Height,Pcod_OA_051622_3.2x_T3_rep0009.tif,3,9,0.297,6amb,6,amb,9,206
5/16/22,6,19,Length,Pcod_OA_051622_3.2x_T3_rep0010.tif,3,10,5.44,6amb,6,amb,10,124
5/16/22,6,19,Length,Pcod_OA_051622_3.2x_T3_rep0010.tif,3,10,5.44,6amb,6,amb,10,207
5/16/22,6,19,Height,Pcod_OA_051622_3.2x_T3_rep0010.tif,3,10,0.268,6amb,6,amb,10,124
5/16/22,6,19,Height,Pcod_OA_051622_3.2x_T3_rep0010.tif,3,10,0.268,6amb,6,amb,10,207
5/16/22,6,19,Length,Pcod_OA_051622_3.2x_T4_rep0001.tif,4,1,7.147,6amb,6,amb,1,080
5/16/22,6,19,Length,Pcod_OA_051622_3.2x_T4_rep0001.tif,4,1,7.147,6amb,6,amb,1,125
5/16/22,6,19,Height,Pcod_OA_051622_3.2x_T4_rep0001.tif,4,1,0.398,6amb,6,amb,1,080
5/16/22,6,19,Height,Pcod_OA_051622_3.2x_T4_rep0001.tif,4,1,0.398,6amb,6,amb,1,125
5/16/22,6,19,Length,Pcod_OA_051622_3.2x_T4_rep0002.tif,4,2,6.994,6amb,6,amb,2,081
5/16/22,6,19,Length,Pcod_OA_051622_3.2x_T4_rep0002.tif,4,2,6.994,6amb,6,amb,2,126
5/16/22,6,19,Height,Pcod_OA_051622_3.2x_T4_rep0002.tif,4,2,0.377,6amb,6,amb,2,081
5/16/22,6,19,Height,Pcod_OA_051622_3.2x_T4_rep0002.tif,4,2,0.377,6amb,6,amb,2,126
5/16/22,6,19,Length,Pcod_OA_051622_3.2x_T4_rep0003.tif,4,3,6.598,6amb,6,amb,3,082
5/16/22,6,19,Length,Pcod_OA_051622_3.2x_T4_rep0003.tif,4,3,6.598,6amb,6,amb,3,127
5/16/22,6,19,Height,Pcod_OA_051622_3.2x_T4_rep0003.tif,4,3,0.397,6amb,6,amb,3,082
5/16/22,6,19,Height,Pcod_OA_051622_3.2x_T4_rep0003.tif,4,3,0.397,6amb,6,amb,3,127
5/16/22,6,19,Length,Pcod_OA_051622_3.2x_T4_rep0004.tif,4,4,7.49,6amb,6,amb,4,083
5/16/22,6,19,Length,Pcod_OA_051622_3.2x_T4_rep0004.tif,4,4,7.49,6amb,6,amb,4,128
5/16/22,6,19,Height,Pcod_OA_051622_3.2x_T4_rep0004.tif,4,4,0.429,6amb,6,amb,4,083
5/16/22,6,19,Height,Pcod_OA_051622_3.2x_T4_rep0004.tif,4,4,0.429,6amb,6,amb,4,128
5/16/22,6,19,Length,Pcod_OA_051622_3.2x_T4_rep0005.tif,4,5,6.522,6amb,6,amb,5,084
5/16/22,6,19,Length,Pcod_OA_051622_3.2x_T4_rep0005.tif,4,5,6.522,6amb,6,amb,5,129
5/16/22,6,19,Height,Pcod_OA_051622_3.2x_T4_rep0005.tif,4,5,0.332,6amb,6,amb,5,084
5/16/22,6,19,Height,Pcod_OA_051622_3.2x_T4_rep0005.tif,4,5,0.332,6amb,6,amb,5,129
5/16/22,6,19,Length,Pcod_OA_051622_3.2x_T4_rep0006.tif,4,6,7.012,6amb,6,amb,6,130
5/16/22,6,19,Height,Pcod_OA_051622_3.2x_T4_rep0006.tif,4,6,0.409,6amb,6,amb,6,130
5/16/22,6,19,Length,Pcod_OA_051622_3.2x_T4_rep0007.tif,4,7,6.869,6amb,6,amb,7,131
5/16/22,6,19,Height,Pcod_OA_051622_3.2x_T4_rep0007.tif,4,7,0.393,6amb,6,amb,7,131
5/16/22,6,19,Length,Pcod_OA_051622_3.2x_T4_rep0008.tif,4,8,6.597,6amb,6,amb,8,132
5/16/22,6,19,Height,Pcod_OA_051622_3.2x_T4_rep0008.tif,4,8,0.363,6amb,6,amb,8,132
5/16/22,6,19,Length,Pcod_OA_051622_3.2x_T4_rep0009.tif,4,9,6.359,6amb,6,amb,9,133
5/16/22,6,19,Height,Pcod_OA_051622_3.2x_T4_rep0009.tif,4,9,0.326,6amb,6,amb,9,133
5/16/22,6,19,Length,Pcod_OA_051622_3.2x_T4_rep0010.tif,4,10,5.728,6amb,6,amb,10,134
5/16/22,6,19,Height,Pcod_OA_051622_3.2x_T4_rep0010.tif,4,10,0.263,6amb,6,amb,10,134
5/16/22,6,19,Length,Pcod_OA_051622_3.2x_T7_rep0001.tif,7,1,7.188,6low,6,low,1,085
5/16/22,6,19,Length,Pcod_OA_051622_3.2x_T7_rep0001.tif,7,1,7.188,6low,6,low,1,135
5/16/22,6,19,Length,Pcod_OA_051622_3.2x_T7_rep0001.tif,7,1,7.188,6low,6,low,1,213
5/16/22,6,19,Height,Pcod_OA_051622_3.2x_T7_rep0001.tif,7,1,0.418,6low,6,low,1,085
5/16/22,6,19,Height,Pcod_OA_051622_3.2x_T7_rep0001.tif,7,1,0.418,6low,6,low,1,135
5/16/22,6,19,Height,Pcod_OA_051622_3.2x_T7_rep0001.tif,7,1,0.418,6low,6,low,1,213
5/16/22,6,19,Length,Pcod_OA_051622_3.2x_T7_rep0002.tif,7,2,5.661,6low,6,low,2,086
5/16/22,6,19,Length,Pcod_OA_051622_3.2x_T7_rep0002.tif,7,2,5.661,6low,6,low,2,136
5/16/22,6,19,Length,Pcod_OA_051622_3.2x_T7_rep0002.tif,7,2,5.661,6low,6,low,2,214
5/16/22,6,19,Height,Pcod_OA_051622_3.2x_T7_rep0002.tif,7,2,0.269,6low,6,low,2,086
5/16/22,6,19,Height,Pcod_OA_051622_3.2x_T7_rep0002.tif,7,2,0.269,6low,6,low,2,136
5/16/22,6,19,Height,Pcod_OA_051622_3.2x_T7_rep0002.tif,7,2,0.269,6low,6,low,2,214
5/16/22,6,19,Length,Pcod_OA_051622_3.2x_T7_rep0003.tif,7,3,7.178,6low,6,low,3,087
5/16/22,6,19,Length,Pcod_OA_051622_3.2x_T7_rep0003.tif,7,3,7.178,6low,6,low,3,137
5/16/22,6,19,Length,Pcod_OA_051622_3.2x_T7_rep0003.tif,7,3,7.178,6low,6,low,3,215
5/16/22,6,19,Height,Pcod_OA_051622_3.2x_T7_rep0003.tif,7,3,0.424,6low,6,low,3,087
5/16/22,6,19,Height,Pcod_OA_051622_3.2x_T7_rep0003.tif,7,3,0.424,6low,6,low,3,137
5/16/22,6,19,Height,Pcod_OA_051622_3.2x_T7_rep0003.tif,7,3,0.424,6low,6,low,3,215
5/16/22,6,19,Length,Pcod_OA_051622_3.2x_T7_rep0004.tif,7,4,6.811,6low,6,low,4,088
5/16/22,6,19,Length,Pcod_OA_051622_3.2x_T7_rep0004.tif,7,4,6.811,6low,6,low,4,138
5/16/22,6,19,Length,Pcod_OA_051622_3.2x_T7_rep0004.tif,7,4,6.811,6low,6,low,4,216
5/16/22,6,19,Height,Pcod_OA_051622_3.2x_T7_rep0004.tif,7,4,0.36,6low,6,low,4,088
5/16/22,6,19,Height,Pcod_OA_051622_3.2x_T7_rep0004.tif,7,4,0.36,6low,6,low,4,138
5/16/22,6,19,Height,Pcod_OA_051622_3.2x_T7_rep0004.tif,7,4,0.36,6low,6,low,4,216
5/16/22,6,19,Length,Pcod_OA_051622_3.2x_T7_rep0005.tif,7,5,7.183,6low,6,low,5,089
5/16/22,6,19,Length,Pcod_OA_051622_3.2x_T7_rep0005.tif,7,5,7.183,6low,6,low,5,139
5/16/22,6,19,Length,Pcod_OA_051622_3.2x_T7_rep0005.tif,7,5,7.183,6low,6,low,5,217
5/16/22,6,19,Height,Pcod_OA_051622_3.2x_T7_rep0005.tif,7,5,0.423,6low,6,low,5,089
5/16/22,6,19,Height,Pcod_OA_051622_3.2x_T7_rep0005.tif,7,5,0.423,6low,6,low,5,139
5/16/22,6,19,Height,Pcod_OA_051622_3.2x_T7_rep0005.tif,7,5,0.423,6low,6,low,5,217
5/16/22,6,19,Length,Pcod_OA_051622_3.2x_T7_rep0006.tif,7,6,6.642,6low,6,low,6,140
5/16/22,6,19,Length,Pcod_OA_051622_3.2x_T7_rep0006.tif,7,6,6.642,6low,6,low,6,218
5/16/22,6,19,Height,Pcod_OA_051622_3.2x_T7_rep0006.tif,7,6,0.355,6low,6,low,6,140
5/16/22,6,19,Height,Pcod_OA_051622_3.2x_T7_rep0006.tif,7,6,0.355,6low,6,low,6,218
5/16/22,6,19,Length,Pcod_OA_051622_3.2x_T7_rep0007.tif,7,7,6.491,6low,6,low,7,141
5/16/22,6,19,Length,Pcod_OA_051622_3.2x_T7_rep0007.tif,7,7,6.491,6low,6,low,7,219
5/16/22,6,19,Height,Pcod_OA_051622_3.2x_T7_rep0007.tif,7,7,0.321,6low,6,low,7,141
5/16/22,6,19,Height,Pcod_OA_051622_3.2x_T7_rep0007.tif,7,7,0.321,6low,6,low,7,219
5/16/22,6,19,Length,Pcod_OA_051622_3.2x_T7_rep0008.tif,7,8,7.199,6low,6,low,8,142
5/16/22,6,19,Length,Pcod_OA_051622_3.2x_T7_rep0008.tif,7,8,7.199,6low,6,low,8,220
5/16/22,6,19,Height,Pcod_OA_051622_3.2x_T7_rep0008.tif,7,8,0.416,6low,6,low,8,142
5/16/22,6,19,Height,Pcod_OA_051622_3.2x_T7_rep0008.tif,7,8,0.416,6low,6,low,8,220
5/16/22,6,19,Length,Pcod_OA_051622_3.2x_T7_rep0009.tif,7,9,7.313,6low,6,low,9,143
5/16/22,6,19,Length,Pcod_OA_051622_3.2x_T7_rep0009.tif,7,9,7.313,6low,6,low,9,221
5/16/22,6,19,Height,Pcod_OA_051622_3.2x_T7_rep0009.tif,7,9,0.422,6low,6,low,9,143
5/16/22,6,19,Height,Pcod_OA_051622_3.2x_T7_rep0009.tif,7,9,0.422,6low,6,low,9,221
5/16/22,6,19,Length,Pcod_OA_051622_3.2x_T7_rep0010.tif,7,10,6.672,6low,6,low,10,144
5/16/22,6,19,Length,Pcod_OA_051622_3.2x_T7_rep0010.tif,7,10,6.672,6low,6,low,10,222
5/16/22,6,19,Height,Pcod_OA_051622_3.2x_T7_rep0010.tif,7,10,0.33,6low,6,low,10,144
5/16/22,6,19,Height,Pcod_OA_051622_3.2x_T7_rep0010.tif,7,10,0.33,6low,6,low,10,222
5/16/22,6,19,Length,Pcod_OA_051622_3.2x_T7_rep0011.tif,7,11,5.848,6low,6,low,11,145
5/16/22,6,19,Length,Pcod_OA_051622_3.2x_T7_rep0011.tif,7,11,5.848,6low,6,low,11,223
5/16/22,6,19,Height,Pcod_OA_051622_3.2x_T7_rep0011.tif,7,11,0.3,6low,6,low,11,145
5/16/22,6,19,Height,Pcod_OA_051622_3.2x_T7_rep0011.tif,7,11,0.3,6low,6,low,11,223
5/16/22,6,19,Length,Pcod_OA_051622_3.2x_T8_rep0001.tif,8,1,6.097,6low,6,low,1,090
5/16/22,6,19,Length,Pcod_OA_051622_3.2x_T8_rep0001.tif,8,1,6.097,6low,6,low,1,146
5/16/22,6,19,Length,Pcod_OA_051622_3.2x_T8_rep0001.tif,8,1,6.097,6low,6,low,1,225
5/16/22,6,19,Height,Pcod_OA_051622_3.2x_T8_rep0001.tif,8,1,0.296,6low,6,low,1,090
5/16/22,6,19,Height,Pcod_OA_051622_3.2x_T8_rep0001.tif,8,1,0.296,6low,6,low,1,146
5/16/22,6,19,Height,Pcod_OA_051622_3.2x_T8_rep0001.tif,8,1,0.296,6low,6,low,1,225
5/16/22,6,19,Length,Pcod_OA_051622_3.2x_T8_rep0002.tif,8,2,7.428,6low,6,low,2,091
5/16/22,6,19,Length,Pcod_OA_051622_3.2x_T8_rep0002.tif,8,2,7.428,6low,6,low,2,147
5/16/22,6,19,Length,Pcod_OA_051622_3.2x_T8_rep0002.tif,8,2,7.428,6low,6,low,2,226
5/16/22,6,19,Height,Pcod_OA_051622_3.2x_T8_rep0002.tif,8,2,0.445,6low,6,low,2,091
5/16/22,6,19,Height,Pcod_OA_051622_3.2x_T8_rep0002.tif,8,2,0.445,6low,6,low,2,147
5/16/22,6,19,Height,Pcod_OA_051622_3.2x_T8_rep0002.tif,8,2,0.445,6low,6,low,2,226
5/16/22,6,19,Length,Pcod_OA_051622_3.2x_T8_rep0003.tif,8,3,6.214,6low,6,low,3,092
5/16/22,6,19,Length,Pcod_OA_051622_3.2x_T8_rep0003.tif,8,3,6.214,6low,6,low,3,148
5/16/22,6,19,Length,Pcod_OA_051622_3.2x_T8_rep0003.tif,8,3,6.214,6low,6,low,3,227
5/16/22,6,19,Height,Pcod_OA_051622_3.2x_T8_rep0003.tif,8,3,0.322,6low,6,low,3,092
5/16/22,6,19,Height,Pcod_OA_051622_3.2x_T8_rep0003.tif,8,3,0.322,6low,6,low,3,148
5/16/22,6,19,Height,Pcod_OA_051622_3.2x_T8_rep0003.tif,8,3,0.322,6low,6,low,3,227
5/16/22,6,19,Length,Pcod_OA_051622_3.2x_T8_rep0004.tif,8,4,7.118,6low,6,low,4,093
5/16/22,6,19,Length,Pcod_OA_051622_3.2x_T8_rep0004.tif,8,4,7.118,6low,6,low,5,150
5/16/22,6,19,Length,Pcod_OA_051622_3.2x_T8_rep0004.tif,8,4,7.118,6low,6,low,4,228
5/16/22,6,19,Height,Pcod_OA_051622_3.2x_T8_rep0004.tif,8,4,0.401,6low,6,low,4,093
5/16/22,6,19,Height,Pcod_OA_051622_3.2x_T8_rep0004.tif,8,4,0.401,6low,6,low,5,150
5/16/22,6,19,Height,Pcod_OA_051622_3.2x_T8_rep0004.tif,8,4,0.401,6low,6,low,4,228
5/16/22,6,19,Length,Pcod_OA_051622_3.2x_T8_rep0005.tif,8,5,6.185,6low,6,low,5,094
5/16/22,6,19,Length,Pcod_OA_051622_3.2x_T8_rep0005.tif,8,5,6.185,6low,6,low,4,149
5/16/22,6,19,Length,Pcod_OA_051622_3.2x_T8_rep0005.tif,8,5,6.185,6low,6,low,5,229
5/16/22,6,19,Height,Pcod_OA_051622_3.2x_T8_rep0005.tif,8,5,0.285,6low,6,low,5,094
5/16/22,6,19,Height,Pcod_OA_051622_3.2x_T8_rep0005.tif,8,5,0.285,6low,6,low,4,149
5/16/22,6,19,Height,Pcod_OA_051622_3.2x_T8_rep0005.tif,8,5,0.285,6low,6,low,5,229
5/16/22,6,19,Length,Pcod_OA_051622_3.2x_T8_rep0006.tif,8,6,7.533,6low,6,low,6,151
5/16/22,6,19,Length,Pcod_OA_051622_3.2x_T8_rep0006.tif,8,6,7.533,6low,6,low,6,230
5/16/22,6,19,Height,Pcod_OA_051622_3.2x_T8_rep0006.tif,8,6,0.443,6low,6,low,6,151
5/16/22,6,19,Height,Pcod_OA_051622_3.2x_T8_rep0006.tif,8,6,0.443,6low,6,low,6,230
5/16/22,6,19,Length,Pcod_OA_051622_3.2x_T8_rep0007.tif,8,7,6.695,6low,6,low,7,152
5/16/22,6,19,Length,Pcod_OA_051622_3.2x_T8_rep0007.tif,8,7,6.695,6low,6,low,7,235
5/16/22,6,19,Height,Pcod_OA_051622_3.2x_T8_rep0007.tif,8,7,0.347,6low,6,low,7,152
5/16/22,6,19,Height,Pcod_OA_051622_3.2x_T8_rep0007.tif,8,7,0.347,6low,6,low,7,235
5/16/22,6,19,Length,Pcod_OA_051622_3.2x_T8_rep0008.tif,8,8,7.488,6low,6,low,8,153
5/16/22,6,19,Length,Pcod_OA_051622_3.2x_T8_rep0008.tif,8,8,7.488,6low,6,low,8,236
5/16/22,6,19,Height,Pcod_OA_051622_3.2x_T8_rep0008.tif,8,8,0.432,6low,6,low,8,153
5/16/22,6,19,Height,Pcod_OA_051622_3.2x_T8_rep0008.tif,8,8,0.432,6low,6,low,8,236
5/16/22,6,19,Length,Pcod_OA_051622_3.2x_T8_rep0009.tif,8,9,6.708,6low,6,low,9,154
5/16/22,6,19,Length,Pcod_OA_051622_3.2x_T8_rep0009.tif,8,9,6.708,6low,6,low,9,237
5/16/22,6,19,Height,Pcod_OA_051622_3.2x_T8_rep0009.tif,8,9,0.357,6low,6,low,9,154
5/16/22,6,19,Height,Pcod_OA_051622_3.2x_T8_rep0009.tif,8,9,0.357,6low,6,low,9,237
5/16/22,6,19,Length,Pcod_OA_051622_3.2x_T8_rep0010.tif,8,10,5.631,6low,6,low,10,155
5/16/22,6,19,Length,Pcod_OA_051622_3.2x_T8_rep0010.tif,8,10,5.631,6low,6,low,10,238
5/16/22,6,19,Height,Pcod_OA_051622_3.2x_T8_rep0010.tif,8,10,0.293,6low,6,low,10,155
5/16/22,6,19,Height,Pcod_OA_051622_3.2x_T8_rep0010.tif,8,10,0.293,6low,6,low,10,238
5/16/22,6,19,Length,Pcod_OA_051622_3.2x_T8_rep0011.tif,8,11,6.277,6low,6,low,11,156
5/16/22,6,19,Length,Pcod_OA_051622_3.2x_T8_rep0011.tif,8,11,6.277,6low,6,low,11,239
5/16/22,6,19,Height,Pcod_OA_051622_3.2x_T8_rep0011.tif,8,11,0.317,6low,6,low,11,156
5/16/22,6,19,Height,Pcod_OA_051622_3.2x_T8_rep0011.tif,8,11,0.317,6low,6,low,11,239
5/16/22,6,19,Length,Pcod_OA_051622_3.2x_T15_rep0001.tif,15,1,7.097,6low,6,low,1,095
5/16/22,6,19,Length,Pcod_OA_051622_3.2x_T15_rep0001.tif,15,1,7.097,6low,6,low,1,157
5/16/22,6,19,Length,Pcod_OA_051622_3.2x_T15_rep0001.tif,15,1,7.097,6low,6,low,1,244
5/16/22,6,19,Height,Pcod_OA_051622_3.2x_T15_rep0001.tif,15,1,0.416,6low,6,low,1,095
5/16/22,6,19,Height,Pcod_OA_051622_3.2x_T15_rep0001.tif,15,1,0.416,6low,6,low,1,157
5/16/22,6,19,Height,Pcod_OA_051622_3.2x_T15_rep0001.tif,15,1,0.416,6low,6,low,1,244
5/16/22,6,19,Length,Pcod_OA_051622_3.2x_T15_rep0002.tif,15,2,7.284,6low,6,low,2,096
5/16/22,6,19,Length,Pcod_OA_051622_3.2x_T15_rep0002.tif,15,2,7.284,6low,6,low,2,158
5/16/22,6,19,Length,Pcod_OA_051622_3.2x_T15_rep0002.tif,15,2,7.284,6low,6,low,2,245
5/16/22,6,19,Height,Pcod_OA_051622_3.2x_T15_rep0002.tif,15,2,0.419,6low,6,low,2,096
5/16/22,6,19,Height,Pcod_OA_051622_3.2x_T15_rep0002.tif,15,2,0.419,6low,6,low,2,158
5/16/22,6,19,Height,Pcod_OA_051622_3.2x_T15_rep0002.tif,15,2,0.419,6low,6,low,2,245
5/16/22,6,19,Length,Pcod_OA_051622_3.2x_T15_rep0003.tif,15,3,7.038,6low,6,low,3,097
5/16/22,6,19,Length,Pcod_OA_051622_3.2x_T15_rep0003.tif,15,3,7.038,6low,6,low,3,159
5/16/22,6,19,Length,Pcod_OA_051622_3.2x_T15_rep0003.tif,15,3,7.038,6low,6,low,3,246
5/16/22,6,19,Height,Pcod_OA_051622_3.2x_T15_rep0003.tif,15,3,0.397,6low,6,low,3,097
5/16/22,6,19,Height,Pcod_OA_051622_3.2x_T15_rep0003.tif,15,3,0.397,6low,6,low,3,159
5/16/22,6,19,Height,Pcod_OA_051622_3.2x_T15_rep0003.tif,15,3,0.397,6low,6,low,3,246
5/16/22,6,19,Length,Pcod_OA_051622_3.2x_T15_rep0004.tif,15,4,6.735,6low,6,low,4,098
5/16/22,6,19,Length,Pcod_OA_051622_3.2x_T15_rep0004.tif,15,4,6.735,6low,6,low,4,160
5/16/22,6,19,Length,Pcod_OA_051622_3.2x_T15_rep0004.tif,15,4,6.735,6low,6,low,4,247
5/16/22,6,19,Height,Pcod_OA_051622_3.2x_T15_rep0004.tif,15,4,0.362,6low,6,low,4,098
5/16/22,6,19,Height,Pcod_OA_051622_3.2x_T15_rep0004.tif,15,4,0.362,6low,6,low,4,160
5/16/22,6,19,Height,Pcod_OA_051622_3.2x_T15_rep0004.tif,15,4,0.362,6low,6,low,4,247
5/16/22,6,19,Length,Pcod_OA_051622_3.2x_T15_rep0005.tif,15,5,6.493,6low,6,low,5,099
5/16/22,6,19,Length,Pcod_OA_051622_3.2x_T15_rep0005.tif,15,5,6.493,6low,6,low,5,161
5/16/22,6,19,Length,Pcod_OA_051622_3.2x_T15_rep0005.tif,15,5,6.493,6low,6,low,5,248
5/16/22,6,19,Height,Pcod_OA_051622_3.2x_T15_rep0005.tif,15,5,0.298,6low,6,low,5,099
5/16/22,6,19,Height,Pcod_OA_051622_3.2x_T15_rep0005.tif,15,5,0.298,6low,6,low,5,161
5/16/22,6,19,Height,Pcod_OA_051622_3.2x_T15_rep0005.tif,15,5,0.298,6low,6,low,5,248
5/16/22,6,19,Length,Pcod_OA_051622_3.2x_T15_rep0006.tif,15,6,6.85,6low,6,low,6,162
5/16/22,6,19,Length,Pcod_OA_051622_3.2x_T15_rep0006.tif,15,6,6.85,6low,6,low,6,249
5/16/22,6,19,Height,Pcod_OA_051622_3.2x_T15_rep0006.tif,15,6,0.375,6low,6,low,6,162
5/16/22,6,19,Height,Pcod_OA_051622_3.2x_T15_rep0006.tif,15,6,0.375,6low,6,low,6,249
5/16/22,6,19,Length,Pcod_OA_051622_3.2x_T15_rep0007.tif,15,7,6.737,6low,6,low,7,163
5/16/22,6,19,Length,Pcod_OA_051622_3.2x_T15_rep0007.tif,15,7,6.737,6low,6,low,7,250
5/16/22,6,19,Height,Pcod_OA_051622_3.2x_T15_rep0007.tif,15,7,0.311,6low,6,low,7,163
5/16/22,6,19,Height,Pcod_OA_051622_3.2x_T15_rep0007.tif,15,7,0.311,6low,6,low,7,250
5/16/22,6,19,Length,Pcod_OA_051622_3.2x_T15_rep0008.tif,15,8,5.873,6low,6,low,8,164
5/16/22,6,19,Length,Pcod_OA_051622_3.2x_T15_rep0008.tif,15,8,5.873,6low,6,low,8,251
5/16/22,6,19,Height,Pcod_OA_051622_3.2x_T15_rep0008.tif,15,8,0.292,6low,6,low,8,164
5/16/22,6,19,Height,Pcod_OA_051622_3.2x_T15_rep0008.tif,15,8,0.292,6low,6,low,8,251
5/16/22,6,19,Length,Pcod_OA_051622_3.2x_T15_rep0009.tif,15,9,5.906,6low,6,low,9,165
5/16/22,6,19,Length,Pcod_OA_051622_3.2x_T15_rep0009.tif,15,9,5.906,6low,6,low,9,252
5/16/22,6,19,Height,Pcod_OA_051622_3.2x_T15_rep0009.tif,15,9,0.277,6low,6,low,9,165
5/16/22,6,19,Height,Pcod_OA_051622_3.2x_T15_rep0009.tif,15,9,0.277,6low,6,low,9,252
5/16/22,6,19,Length,Pcod_OA_051622_3.2x_T15_rep0010.tif,15,10,6.046,6low,6,low,10,166
5/16/22,6,19,Length,Pcod_OA_051622_3.2x_T15_rep0010.tif,15,10,6.046,6low,6,low,10,253
5/16/22,6,19,Height,Pcod_OA_051622_3.2x_T15_rep0010.tif,15,10,0.29,6low,6,low,10,166
5/16/22,6,19,Height,Pcod_OA_051622_3.2x_T15_rep0010.tif,15,10,0.29,6low,6,low,10,253
5/16/22,6,19,Length,Pcod_OA_051622_3.2x_T16_rep0001.tif,16,1,6.509,6low,6,low,1,100
5/16/22,6,19,Length,Pcod_OA_051622_3.2x_T16_rep0001.tif,16,1,6.509,6low,6,low,1,167
5/16/22,6,19,Length,Pcod_OA_051622_3.2x_T16_rep0001.tif,16,1,6.509,6low,6,low,1,259
5/16/22,6,19,Height,Pcod_OA_051622_3.2x_T16_rep0001.tif,16,1,0.332,6low,6,low,1,100
5/16/22,6,19,Height,Pcod_OA_051622_3.2x_T16_rep0001.tif,16,1,0.332,6low,6,low,1,167
5/16/22,6,19,Height,Pcod_OA_051622_3.2x_T16_rep0001.tif,16,1,0.332,6low,6,low,1,259
5/16/22,6,19,Length,Pcod_OA_051622_3.2x_T16_rep0002.tif,16,2,5.996,6low,6,low,2,101
5/16/22,6,19,Length,Pcod_OA_051622_3.2x_T16_rep0002.tif,16,2,5.996,6low,6,low,2,168
5/16/22,6,19,Length,Pcod_OA_051622_3.2x_T16_rep0002.tif,16,2,5.996,6low,6,low,2,260
5/16/22,6,19,Height,Pcod_OA_051622_3.2x_T16_rep0002.tif,16,2,0.287,6low,6,low,2,101
5/16/22,6,19,Height,Pcod_OA_051622_3.2x_T16_rep0002.tif,16,2,0.287,6low,6,low,2,168
5/16/22,6,19,Height,Pcod_OA_051622_3.2x_T16_rep0002.tif,16,2,0.287,6low,6,low,2,260
5/16/22,6,19,Length,Pcod_OA_051622_3.2x_T16_rep0003.tif,16,3,7.252,6low,6,low,3,102
5/16/22,6,19,Length,Pcod_OA_051622_3.2x_T16_rep0003.tif,16,3,7.252,6low,6,low,3,169
5/16/22,6,19,Length,Pcod_OA_051622_3.2x_T16_rep0003.tif,16,3,7.252,6low,6,low,3,261
5/16/22,6,19,Height,Pcod_OA_051622_3.2x_T16_rep0003.tif,16,3,0.379,6low,6,low,3,102
5/16/22,6,19,Height,Pcod_OA_051622_3.2x_T16_rep0003.tif,16,3,0.379,6low,6,low,3,169
5/16/22,6,19,Height,Pcod_OA_051622_3.2x_T16_rep0003.tif,16,3,0.379,6low,6,low,3,261
5/16/22,6,19,Length,Pcod_OA_051622_3.2x_T16_rep0004.tif,16,4,5.974,6low,6,low,4,103
5/16/22,6,19,Length,Pcod_OA_051622_3.2x_T16_rep0004.tif,16,4,5.974,6low,6,low,4,170
5/16/22,6,19,Length,Pcod_OA_051622_3.2x_T16_rep0004.tif,16,4,5.974,6low,6,low,4,262
5/16/22,6,19,Height,Pcod_OA_051622_3.2x_T16_rep0004.tif,16,4,0.257,6low,6,low,4,103
5/16/22,6,19,Height,Pcod_OA_051622_3.2x_T16_rep0004.tif,16,4,0.257,6low,6,low,4,170
5/16/22,6,19,Height,Pcod_OA_051622_3.2x_T16_rep0004.tif,16,4,0.257,6low,6,low,4,262
5/16/22,6,19,Length,Pcod_OA_051622_3.2x_T16_rep0005.tif,16,5,6.272,6low,6,low,5,104
5/16/22,6,19,Length,Pcod_OA_051622_3.2x_T16_rep0005.tif,16,5,6.272,6low,6,low,5,171
5/16/22,6,19,Length,Pcod_OA_051622_3.2x_T16_rep0005.tif,16,5,6.272,6low,6,low,5,263
5/16/22,6,19,Height,Pcod_OA_051622_3.2x_T16_rep0005.tif,16,5,0.315,6low,6,low,5,104
5/16/22,6,19,Height,Pcod_OA_051622_3.2x_T16_rep0005.tif,16,5,0.315,6low,6,low,5,171
5/16/22,6,19,Height,Pcod_OA_051622_3.2x_T16_rep0005.tif,16,5,0.315,6low,6,low,5,263
5/16/22,6,19,Length,Pcod_OA_051622_3.2x_T16_rep0006.tif,16,6,6.116,6low,6,low,6,172
5/16/22,6,19,Length,Pcod_OA_051622_3.2x_T16_rep0006.tif,16,6,6.116,6low,6,low,6,264
5/16/22,6,19,Height,Pcod_OA_051622_3.2x_T16_rep0006.tif,16,6,0.285,6low,6,low,6,172
5/16/22,6,19,Height,Pcod_OA_051622_3.2x_T16_rep0006.tif,16,6,0.285,6low,6,low,6,264
5/16/22,6,19,Length,Pcod_OA_051622_3.2x_T16_rep0007.tif,16,7,6.828,6low,6,low,7,173
5/16/22,6,19,Length,Pcod_OA_051622_3.2x_T16_rep0007.tif,16,7,6.828,6low,6,low,7,265
5/16/22,6,19,Height,Pcod_OA_051622_3.2x_T16_rep0007.tif,16,7,0.333,6low,6,low,7,173
5/16/22,6,19,Height,Pcod_OA_051622_3.2x_T16_rep0007.tif,16,7,0.333,6low,6,low,7,265
5/16/22,6,19,Length,Pcod_OA_051622_3.2x_T16_rep0008.tif,16,8,6.764,6low,6,low,8,174
5/16/22,6,19,Length,Pcod_OA_051622_3.2x_T16_rep0008.tif,16,8,6.764,6low,6,low,8,266
5/16/22,6,19,Height,Pcod_OA_051622_3.2x_T16_rep0008.tif,16,8,0.353,6low,6,low,8,174
5/16/22,6,19,Height,Pcod_OA_051622_3.2x_T16_rep0008.tif,16,8,0.353,6low,6,low,8,266
5/16/22,6,19,Length,Pcod_OA_051622_3.2x_T16_rep0009.tif,16,9,5.987,6low,6,low,9,175
5/16/22,6,19,Length,Pcod_OA_051622_3.2x_T16_rep0009.tif,16,9,5.987,6low,6,low,9,267
5/16/22,6,19,Height,Pcod_OA_051622_3.2x_T16_rep0009.tif,16,9,0.295,6low,6,low,9,175
5/16/22,6,19,Height,Pcod_OA_051622_3.2x_T16_rep0009.tif,16,9,0.295,6low,6,low,9,267
5/16/22,6,19,Length,Pcod_OA_051622_3.2x_T16_rep0010.tif,16,10,6.623,6low,6,low,10,176
5/16/22,6,19,Length,Pcod_OA_051622_3.2x_T16_rep0010.tif,16,10,6.623,6low,6,low,10,268
5/16/22,6,19,Height,Pcod_OA_051622_3.2x_T16_rep0010.tif,16,10,0.349,6low,6,low,10,176
5/16/22,6,19,Height,Pcod_OA_051622_3.2x_T16_rep0010.tif,16,10,0.349,6low,6,low,10,268
5/16/22,6,19,Length,Pcod_OA_051622_3.2x_T17_rep0001.tif,17,1,7.013,6amb,6,amb,1,105
5/16/22,6,19,Length,Pcod_OA_051622_3.2x_T17_rep0001.tif,17,1,7.013,6amb,6,amb,1,177
5/16/22,6,19,Length,Pcod_OA_051622_3.2x_T17_rep0001.tif,17,1,7.013,6amb,6,amb,1,274
5/16/22,6,19,Height,Pcod_OA_051622_3.2x_T17_rep0001.tif,17,1,0.403,6amb,6,amb,1,105
5/16/22,6,19,Height,Pcod_OA_051622_3.2x_T17_rep0001.tif,17,1,0.403,6amb,6,amb,1,177
5/16/22,6,19,Height,Pcod_OA_051622_3.2x_T17_rep0001.tif,17,1,0.403,6amb,6,amb,1,274
5/16/22,6,19,Length,Pcod_OA_051622_3.2x_T17_rep0002.tif,17,2,5.684,6amb,6,amb,2,106
5/16/22,6,19,Length,Pcod_OA_051622_3.2x_T17_rep0002.tif,17,2,5.684,6amb,6,amb,2,178
5/16/22,6,19,Length,Pcod_OA_051622_3.2x_T17_rep0002.tif,17,2,5.684,6amb,6,amb,2,275
5/16/22,6,19,Height,Pcod_OA_051622_3.2x_T17_rep0002.tif,17,2,0.557,6amb,6,amb,2,106
5/16/22,6,19,Height,Pcod_OA_051622_3.2x_T17_rep0002.tif,17,2,0.557,6amb,6,amb,2,178
5/16/22,6,19,Height,Pcod_OA_051622_3.2x_T17_rep0002.tif,17,2,0.557,6amb,6,amb,2,275
5/16/22,6,19,Length,Pcod_OA_051622_3.2x_T17_rep0003.tif,17,3,6.556,6amb,6,amb,3,107
5/16/22,6,19,Length,Pcod_OA_051622_3.2x_T17_rep0003.tif,17,3,6.556,6amb,6,amb,3,179
5/16/22,6,19,Length,Pcod_OA_051622_3.2x_T17_rep0003.tif,17,3,6.556,6amb,6,amb,3,276
5/16/22,6,19,Height,Pcod_OA_051622_3.2x_T17_rep0003.tif,17,3,0.38,6amb,6,amb,3,107
5/16/22,6,19,Height,Pcod_OA_051622_3.2x_T17_rep0003.tif,17,3,0.38,6amb,6,amb,3,179
5/16/22,6,19,Height,Pcod_OA_051622_3.2x_T17_rep0003.tif,17,3,0.38,6amb,6,amb,3,276
5/16/22,6,19,Length,Pcod_OA_051622_3.2x_T17_rep0004.tif,17,4,7.071,6amb,6,amb,4,108
5/16/22,6,19,Length,Pcod_OA_051622_3.2x_T17_rep0004.tif,17,4,7.071,6amb,6,amb,4,180
5/16/22,6,19,Length,Pcod_OA_051622_3.2x_T17_rep0004.tif,17,4,7.071,6amb,6,amb,4,277
5/16/22,6,19,Height,Pcod_OA_051622_3.2x_T17_rep0004.tif,17,4,0.449,6amb,6,amb,4,108
5/16/22,6,19,Height,Pcod_OA_051622_3.2x_T17_rep0004.tif,17,4,0.449,6amb,6,amb,4,180
5/16/22,6,19,Height,Pcod_OA_051622_3.2x_T17_rep0004.tif,17,4,0.449,6amb,6,amb,4,277
5/16/22,6,19,Length,Pcod_OA_051622_3.2x_T17_rep0005.tif,17,5,6.851,6amb,6,amb,5,109
5/16/22,6,19,Length,Pcod_OA_051622_3.2x_T17_rep0005.tif,17,5,6.851,6amb,6,amb,5,181
5/16/22,6,19,Length,Pcod_OA_051622_3.2x_T17_rep0005.tif,17,5,6.851,6amb,6,amb,5,278
5/16/22,6,19,Height,Pcod_OA_051622_3.2x_T17_rep0005.tif,17,5,0.393,6amb,6,amb,5,109
5/16/22,6,19,Height,Pcod_OA_051622_3.2x_T17_rep0005.tif,17,5,0.393,6amb,6,amb,5,181
5/16/22,6,19,Height,Pcod_OA_051622_3.2x_T17_rep0005.tif,17,5,0.393,6amb,6,amb,5,278
5/16/22,6,19,Length,Pcod_OA_051622_3.2x_T17_rep0006.tif,17,6,6.754,6amb,6,amb,6,182
5/16/22,6,19,Length,Pcod_OA_051622_3.2x_T17_rep0006.tif,17,6,6.754,6amb,6,amb,6,279
5/16/22,6,19,Height,Pcod_OA_051622_3.2x_T17_rep0006.tif,17,6,0.381,6amb,6,amb,6,182
5/16/22,6,19,Height,Pcod_OA_051622_3.2x_T17_rep0006.tif,17,6,0.381,6amb,6,amb,6,279
5/16/22,6,19,Length,Pcod_OA_051622_3.2x_T17_rep0007.tif,17,7,5.953,6amb,6,amb,7,183
5/16/22,6,19,Length,Pcod_OA_051622_3.2x_T17_rep0007.tif,17,7,5.953,6amb,6,amb,7,280
5/16/22,6,19,Height,Pcod_OA_051622_3.2x_T17_rep0007.tif,17,7,0.305,6amb,6,amb,7,183
5/16/22,6,19,Height,Pcod_OA_051622_3.2x_T17_rep0007.tif,17,7,0.305,6amb,6,amb,7,280
5/16/22,6,19,Length,Pcod_OA_051622_3.2x_T17_rep0008.tif,17,8,6.926,6amb,6,amb,8,184
5/16/22,6,19,Length,Pcod_OA_051622_3.2x_T17_rep0008.tif,17,8,6.926,6amb,6,amb,8,281
5/16/22,6,19,Height,Pcod_OA_051622_3.2x_T17_rep0008.tif,17,8,0.422,6amb,6,amb,8,184
5/16/22,6,19,Height,Pcod_OA_051622_3.2x_T17_rep0008.tif,17,8,0.422,6amb,6,amb,8,281
5/16/22,6,19,Length,Pcod_OA_051622_3.2x_T17_rep0009.tif,17,9,6.678,6amb,6,amb,9,185
5/16/22,6,19,Length,Pcod_OA_051622_3.2x_T17_rep0009.tif,17,9,6.678,6amb,6,amb,9,282
5/16/22,6,19,Height,Pcod_OA_051622_3.2x_T17_rep0009.tif,17,9,0.381,6amb,6,amb,9,185
5/16/22,6,19,Height,Pcod_OA_051622_3.2x_T17_rep0009.tif,17,9,0.381,6amb,6,amb,9,282
5/16/22,6,19,Length,Pcod_OA_051622_3.2x_T17_rep0010.tif,17,10,7.422,6amb,6,amb,10,186
5/16/22,6,19,Length,Pcod_OA_051622_3.2x_T17_rep0010.tif,17,10,7.422,6amb,6,amb,10,283
5/16/22,6,19,Height,Pcod_OA_051622_3.2x_T17_rep0010.tif,17,10,0.462,6amb,6,amb,10,186
5/16/22,6,19,Height,Pcod_OA_051622_3.2x_T17_rep0010.tif,17,10,0.462,6amb,6,amb,10,283
5/16/22,6,19,Length,Pcod_OA_051622_3.2x_T18_rep0001.tif,18,1,6.457,6amb,6,amb,1,110
5/16/22,6,19,Length,Pcod_OA_051622_3.2x_T18_rep0001.tif,18,1,6.457,6amb,6,amb,1,187
5/16/22,6,19,Height,Pcod_OA_051622_3.2x_T18_rep0001.tif,18,1,0.363,6amb,6,amb,1,110
5/16/22,6,19,Height,Pcod_OA_051622_3.2x_T18_rep0001.tif,18,1,0.363,6amb,6,amb,1,187
5/16/22,6,19,Length,Pcod_OA_051622_3.2x_T18_rep0002.tif,18,2,6.104,6amb,6,amb,3,112
5/16/22,6,19,Length,Pcod_OA_051622_3.2x_T18_rep0002.tif,18,2,6.104,6amb,6,amb,2,188
5/16/22,6,19,Height,Pcod_OA_051622_3.2x_T18_rep0002.tif,18,2,0.356,6amb,6,amb,3,112
5/16/22,6,19,Height,Pcod_OA_051622_3.2x_T18_rep0002.tif,18,2,0.356,6amb,6,amb,2,188
5/16/22,6,19,Length,Pcod_OA_051622_3.2x_T18_rep0003.tif,18,3,6.655,6amb,6,amb,2,111
5/16/22,6,19,Length,Pcod_OA_051622_3.2x_T18_rep0003.tif,18,3,6.655,6amb,6,amb,3,189
5/16/22,6,19,Height,Pcod_OA_051622_3.2x_T18_rep0003.tif,18,3,0.361,6amb,6,amb,2,111
5/16/22,6,19,Height,Pcod_OA_051622_3.2x_T18_rep0003.tif,18,3,0.361,6amb,6,amb,3,189
5/16/22,6,19,Length,Pcod_OA_051622_3.2x_T18_rep0004.tif,18,4,7.222,6amb,6,amb,4,113
5/16/22,6,19,Length,Pcod_OA_051622_3.2x_T18_rep0004.tif,18,4,7.222,6amb,6,amb,4,190
5/16/22,6,19,Height,Pcod_OA_051622_3.2x_T18_rep0004.tif,18,4,0.396,6amb,6,amb,4,113
5/16/22,6,19,Height,Pcod_OA_051622_3.2x_T18_rep0004.tif,18,4,0.396,6amb,6,amb,4,190
5/16/22,6,19,Length,Pcod_OA_051622_3.2x_T18_rep0005.tif,18,5,5.629,6amb,6,amb,5,114
5/16/22,6,19,Length,Pcod_OA_051622_3.2x_T18_rep0005.tif,18,5,5.629,6amb,6,amb,5,191
5/16/22,6,19,Height,Pcod_OA_051622_3.2x_T18_rep0005.tif,18,5,0.263,6amb,6,amb,5,114
5/16/22,6,19,Height,Pcod_OA_051622_3.2x_T18_rep0005.tif,18,5,0.263,6amb,6,amb,5,191
5/16/22,6,19,Length,Pcod_OA_051622_3.2x_T18_rep0006.tif,18,6,5.937,6amb,6,amb,6,192
5/16/22,6,19,Height,Pcod_OA_051622_3.2x_T18_rep0006.tif,18,6,0.299,6amb,6,amb,6,192
5/16/22,6,19,Length,Pcod_OA_051622_3.2x_T18_rep0007.tif,18,7,7.641,6amb,6,amb,7,193
5/16/22,6,19,Height,Pcod_OA_051622_3.2x_T18_rep0007.tif,18,7,0.459,6amb,6,amb,7,193
5/16/22,6,19,Length,Pcod_OA_051622_3.2x_T18_rep0008.tif,18,8,6.701,6amb,6,amb,8,194
5/16/22,6,19,Height,Pcod_OA_051622_3.2x_T18_rep0008.tif,18,8,0.392,6amb,6,amb,8,194
5/16/22,6,19,Length,Pcod_OA_051622_3.2x_T18_rep0009.tif,18,9,5.737,6amb,6,amb,9,195
5/16/22,6,19,Height,Pcod_OA_051622_3.2x_T18_rep0009.tif,18,9,0.295,6amb,6,amb,9,195
5/16/22,6,19,Length,Pcod_OA_051622_3.2x_T18_rep0010.tif,18,10,6.331,6amb,6,amb,10,196
5/16/22,6,19,Height,Pcod_OA_051622_3.2x_T18_rep0010.tif,18,10,0.34,6amb,6,amb,10,196
5/16/22,6,19,Length,Pcod_OA_051622_3.2x_T18_rep0011.tif,18,11,6.854,6amb,6,amb,11,197
5/16/22,6,19,Height,Pcod_OA_051622_3.2x_T18_rep0011.tif,18,11,0.403,6amb,6,amb,11,197
6/3/22,3,28,Length,Pcod_OA_RNA_060222_T22_3.2x_rep0001.tif,22,1,6.557,3low,3,low,1,289
6/3/22,3,28,Height,Pcod_OA_RNA_060222_T22_3.2x_rep0001.tif,22,1,0.303,3low,3,low,1,289
6/3/22,3,28,Length,Pcod_OA_RNA_060222_T22_3.2x_rep0002.tif,22,2,6.904,3low,3,low,2,290
6/3/22,3,28,Height,Pcod_OA_RNA_060222_T22_3.2x_rep0002.tif,22,2,0.349,3low,3,low,2,290
6/3/22,3,28,Length,Pcod_OA_RNA_060222_T22_3.2x_rep0003.tif,22,3,6.043,3low,3,low,3,291
6/3/22,3,28,Height,Pcod_OA_RNA_060222_T22_3.2x_rep0003.tif,22,3,0.274,3low,3,low,3,291
6/3/22,3,28,Length,Pcod_OA_RNA_060222_T22_3.2x_rep0004.tif,22,4,6.129,3low,3,low,4,292
6/3/22,3,28,Height,Pcod_OA_RNA_060222_T22_3.2x_rep0004.tif,22,4,0.301,3low,3,low,4,292
6/3/22,3,28,Length,Pcod_OA_RNA_060222_T22_3.2x_rep0005.tif,22,5,6.762,3low,3,low,5,293
6/3/22,3,28,Height,Pcod_OA_RNA_060222_T22_3.2x_rep0005.tif,22,5,0.32,3low,3,low,5,293
6/3/22,3,28,Length,Pcod_OA_RNA_060222_T22_3.2x_rep0006.tif,22,6,7.16,3low,3,low,6,294
6/3/22,3,28,Height,Pcod_OA_RNA_060222_T22_3.2x_rep0006.tif,22,6,0.4,3low,3,low,6,294
6/3/22,3,28,Length,Pcod_OA_RNA_060222_T22_3.2x_rep0007.tif,22,7,6.475,3low,3,low,7,295
6/3/22,3,28,Height,Pcod_OA_RNA_060222_T22_3.2x_rep0007.tif,22,7,0.33,3low,3,low,7,295
6/3/22,3,28,Length,Pcod_OA_RNA_060222_T22_3.2x_rep0008.tif,22,8,6.641,3low,3,low,8,296
6/3/22,3,28,Height,Pcod_OA_RNA_060222_T22_3.2x_rep0008.tif,22,8,0.336,3low,3,low,8,296
6/3/22,3,28,Length,Pcod_OA_RNA_060222_T22_3.2x_rep0009.tif,22,9,7.367,3low,3,low,9,297
6/3/22,3,28,Height,Pcod_OA_RNA_060222_T22_3.2x_rep0009.tif,22,9,0.383,3low,3,low,9,297
6/3/22,3,28,Length,Pcod_OA_RNA_060222_T22_3.2x_rep0010.tif,22,10,7.095,3low,3,low,10,298
6/3/22,3,28,Height,Pcod_OA_RNA_060222_T22_3.2x_rep0010.tif,22,10,0.382,3low,3,low,10,298
6/3/22,3,28,Length,Pcod_OA_RNA_060222_T22_3.2x_rep0011.tif,22,11,6.63,3low,3,low,11,299
6/3/22,3,28,Height,Pcod_OA_RNA_060222_T22_3.2x_rep0011.tif,22,11,0.345,3low,3,low,11,299
6/3/22,3,28,Length,Pcod_OA_RNA_060222_T22_3.2x_rep0012.tif,22,12,6.099,3low,3,low,12,300
6/3/22,3,28,Height,Pcod_OA_RNA_060222_T22_3.2x_rep0012.tif,22,12,0.304,3low,3,low,12,300
6/3/22,3,28,Length,Pcod_OA_RNA_060222_T22_3.2x_rep0013.tif,22,13,6.589,3low,3,low,13,301
6/3/22,3,28,Height,Pcod_OA_RNA_060222_T22_3.2x_rep0013.tif,22,13,0.363,3low,3,low,13,301
6/3/22,3,28,Length,Pcod_OA_RNA_060222_T22_3.2x_rep0014.tif,22,14,6.758,3low,3,low,14,302
6/3/22,3,28,Height,Pcod_OA_RNA_060222_T22_3.2x_rep0014.tif,22,14,0.335,3low,3,low,14,302
6/3/22,3,28,Length,Pcod_OA_RNA_060222_T22_3.2x_rep0015.tif,22,15,6.659,3low,3,low,15,303
6/3/22,3,28,Height,Pcod_OA_RNA_060222_T22_3.2x_rep0015.tif,22,15,0.323,3low,3,low,15,303
6/3/22,3,28,Length,Pcod_OA_RNA_060322_T13_3.2x_rep0001.tif,13,1,6.041,3low,3,low,1,304
6/3/22,3,28,Height,Pcod_OA_RNA_060322_T13_3.2x_rep0001.tif,13,1,0.357,3low,3,low,1,304
6/3/22,3,28,Length,Pcod_OA_RNA_060322_T13_3.2x_rep0002.tif,13,2,6.52,3low,3,low,2,305
6/3/22,3,28,Height,Pcod_OA_RNA_060322_T13_3.2x_rep0002.tif,13,2,0.323,3low,3,low,2,305
6/3/22,3,28,Length,Pcod_OA_RNA_060322_T13_3.2x_rep0003.tif,13,3,6.563,3low,3,low,3,306
6/3/22,3,28,Height,Pcod_OA_RNA_060322_T13_3.2x_rep0003.tif,13,3,0.326,3low,3,low,3,306
6/3/22,3,28,Length,Pcod_OA_RNA_060322_T13_3.2x_rep0004.tif,13,4,7.015,3low,3,low,4,307
6/3/22,3,28,Height,Pcod_OA_RNA_060322_T13_3.2x_rep0004.tif,13,4,0.375,3low,3,low,4,307
6/3/22,3,28,Length,Pcod_OA_RNA_060322_T13_3.2x_rep0005.tif,13,5,6.177,3low,3,low,5,308
6/3/22,3,28,Height,Pcod_OA_RNA_060322_T13_3.2x_rep0005.tif,13,5,0.295,3low,3,low,5,308
6/3/22,3,28,Length,Pcod_OA_RNA_060322_T13_3.2x_rep0006.tif,13,6,5.974,3low,3,low,6,309
6/3/22,3,28,Height,Pcod_OA_RNA_060322_T13_3.2x_rep0006.tif,13,6,0.34,3low,3,low,6,309
6/3/22,3,28,Length,Pcod_OA_RNA_060322_T13_3.2x_rep0007.tif,13,7,7.062,3low,3,low,7,310
6/3/22,3,28,Height,Pcod_OA_RNA_060322_T13_3.2x_rep0007.tif,13,7,0.35,3low,3,low,7,310
6/3/22,3,28,Length,Pcod_OA_RNA_060322_T13_3.2x_rep0008.tif,13,8,5.834,3low,3,low,8,311
6/3/22,3,28,Height,Pcod_OA_RNA_060322_T13_3.2x_rep0008.tif,13,8,0.331,3low,3,low,8,311
6/3/22,3,28,Length,Pcod_OA_RNA_060322_T13_3.2x_rep0009.tif,13,9,5.538,3low,3,low,9,312
6/3/22,3,28,Height,Pcod_OA_RNA_060322_T13_3.2x_rep0009.tif,13,9,0.276,3low,3,low,9,312
6/3/22,3,28,Length,Pcod_OA_RNA_060322_T13_3.2x_rep0010.tif,13,10,6.927,3low,3,low,10,313
6/3/22,3,28,Height,Pcod_OA_RNA_060322_T13_3.2x_rep0010.tif,13,10,0.378,3low,3,low,10,313
6/3/22,3,28,Length,Pcod_OA_RNA_060322_T13_3.2x_rep0011.tif,13,11,6.435,3low,3,low,11,314
6/3/22,3,28,Height,Pcod_OA_RNA_060322_T13_3.2x_rep0011.tif,13,11,0.347,3low,3,low,11,314
6/3/22,3,28,Length,Pcod_OA_RNA_060322_T13_3.2x_rep0012.tif,13,12,5.202,3low,3,low,12,315
6/3/22,3,28,Height,Pcod_OA_RNA_060322_T13_3.2x_rep0012.tif,13,12,0.247,3low,3,low,12,315
6/3/22,3,28,Length,Pcod_OA_RNA_060322_T13_3.2x_rep0013.tif,13,13,6.273,3low,3,low,13,316
6/3/22,3,28,Height,Pcod_OA_RNA_060322_T13_3.2x_rep0013.tif,13,13,0.291,3low,3,low,13,316
6/3/22,3,28,Length,Pcod_OA_RNA_060322_T13_3.2x_rep0014.tif,13,14,5.828,3low,3,low,14,317
6/3/22,3,28,Height,Pcod_OA_RNA_060322_T13_3.2x_rep0014.tif,13,14,0.315,3low,3,low,14,317
6/3/22,3,28,Length,Pcod_OA_RNA_060322_T14_3.2x_rep0001.tif,14,1,6.787,3low,3,low,1,336
6/3/22,3,28,Height,Pcod_OA_RNA_060322_T14_3.2x_rep0001.tif,14,1,0.32,3low,3,low,1,336
6/3/22,3,28,Length,Pcod_OA_RNA_060322_T14_3.2x_rep0002.tif,14,2,6.474,3low,3,low,2,337
6/3/22,3,28,Height,Pcod_OA_RNA_060322_T14_3.2x_rep0002.tif,14,2,0.327,3low,3,low,2,337
6/3/22,3,28,Length,Pcod_OA_RNA_060322_T14_3.2x_rep0003.tif,14,3,6.523,3low,3,low,3,338
6/3/22,3,28,Height,Pcod_OA_RNA_060322_T14_3.2x_rep0003.tif,14,3,0.352,3low,3,low,3,338
6/3/22,3,28,Length,Pcod_OA_RNA_060322_T14_3.2x_rep0004.tif,14,4,6.112,3low,3,low,4,339
6/3/22,3,28,Height,Pcod_OA_RNA_060322_T14_3.2x_rep0004.tif,14,4,0.316,3low,3,low,4,339
6/3/22,3,28,Length,Pcod_OA_RNA_060322_T14_3.2x_rep0005.tif,14,5,6.966,3low,3,low,5,340
6/3/22,3,28,Height,Pcod_OA_RNA_060322_T14_3.2x_rep0005.tif,14,5,0.372,3low,3,low,5,340
6/3/22,3,28,Length,Pcod_OA_RNA_060322_T14_3.2x_rep0006.tif,14,6,6.54,3low,3,low,6,341
6/3/22,3,28,Height,Pcod_OA_RNA_060322_T14_3.2x_rep0006.tif,14,6,0.321,3low,3,low,6,341
6/3/22,3,28,Length,Pcod_OA_RNA_060322_T14_3.2x_rep0007.tif,14,7,7.356,3low,3,low,7,342
6/3/22,3,28,Height,Pcod_OA_RNA_060322_T14_3.2x_rep0007.tif,14,7,0.375,3low,3,low,7,342
6/3/22,3,28,Length,Pcod_OA_RNA_060322_T14_3.2x_rep0008.tif,14,8,7.444,3low,3,low,8,343
6/3/22,3,28,Height,Pcod_OA_RNA_060322_T14_3.2x_rep0008.tif,14,8,0.398,3low,3,low,8,343
6/3/22,3,28,Length,Pcod_OA_RNA_060322_T14_3.2x_rep0009.tif,14,9,6.302,3low,3,low,9,344
6/3/22,3,28,Height,Pcod_OA_RNA_060322_T14_3.2x_rep0009.tif,14,9,0.287,3low,3,low,9,344
6/3/22,3,28,Length,Pcod_OA_RNA_060322_T14_3.2x_rep0010.tif,14,10,5.46,3low,3,low,10,345
6/3/22,3,28,Height,Pcod_OA_RNA_060322_T14_3.2x_rep0010.tif,14,10,0.314,3low,3,low,10,345
6/3/22,3,28,Length,Pcod_OA_RNA_060322_T14_3.2x_rep0011.tif,14,11,7.245,3low,3,low,11,346
6/3/22,3,28,Height,Pcod_OA_RNA_060322_T14_3.2x_rep0011.tif,14,11,0.376,3low,3,low,11,346
6/3/22,3,28,Length,Pcod_OA_RNA_060322_T14_3.2x_rep0012.tif,14,12,7.127,3low,3,low,12,347
6/3/22,3,28,Height,Pcod_OA_RNA_060322_T14_3.2x_rep0012.tif,14,12,0.374,3low,3,low,12,347
6/3/22,3,28,Length,Pcod_OA_RNA_060322_T14_3.2x_rep0013.tif,14,13,5.788,3low,3,low,13,348
6/3/22,3,28,Height,Pcod_OA_RNA_060322_T14_3.2x_rep0013.tif,14,13,0.3,3low,3,low,13,348
6/3/22,3,28,Length,Pcod_OA_RNA_060322_T14_3.2x_rep0014.tif,14,14,6.339,3low,3,low,14,349
6/3/22,3,28,Height,Pcod_OA_RNA_060322_T14_3.2x_rep0014.tif,14,14,0.345,3low,3,low,14,349
6/3/22,3,28,Length,Pcod_OA_RNA_060322_T14_3.2x_rep0015.tif,14,15,7.251,3low,3,low,15,350
6/3/22,3,28,Height,Pcod_OA_RNA_060322_T14_3.2x_rep0015.tif,14,15,0.382,3low,3,low,15,350
6/3/22,3,28,Length,Pcod_OA_RNA_060322_T14_3.2x_rep0016.tif,14,16,6.253,3low,3,low,16,351
6/3/22,3,28,Height,Pcod_OA_RNA_060322_T14_3.2x_rep0016.tif,14,16,0.348,3low,3,low,16,351
6/3/22,3,28,Length,Pcod_OA_RNA_060322_T14_3.2x_rep0017.tif,14,17,6.119,3low,3,low,17,352
6/3/22,3,28,Height,Pcod_OA_RNA_060322_T14_3.2x_rep0017.tif,14,17,0.308,3low,3,low,17,352
6/3/22,3,28,Length,Pcod_OA_RNA_060322_T19_3.2x_rep0001.tif,19,1,6.719,3amb,3,amb,1,353
6/3/22,3,28,Height,Pcod_OA_RNA_060322_T19_3.2x_rep0001.tif,19,1,0.359,3amb,3,amb,1,353
6/3/22,3,28,Length,Pcod_OA_RNA_060322_T19_3.2x_rep0002.tif,19,2,7.025,3amb,3,amb,2,354
6/3/22,3,28,Height,Pcod_OA_RNA_060322_T19_3.2x_rep0002.tif,19,2,0.394,3amb,3,amb,2,354
6/3/22,3,28,Length,Pcod_OA_RNA_060322_T19_3.2x_rep0003.tif,19,3,6.399,3amb,3,amb,3,355
6/3/22,3,28,Height,Pcod_OA_RNA_060322_T19_3.2x_rep0003.tif,19,3,0.305,3amb,3,amb,3,355
6/3/22,3,28,Length,Pcod_OA_RNA_060322_T19_3.2x_rep0004.tif,19,4,6.17,3amb,3,amb,4,356
6/3/22,3,28,Height,Pcod_OA_RNA_060322_T19_3.2x_rep0004.tif,19,4,0.299,3amb,3,amb,4,356
6/3/22,3,28,Length,Pcod_OA_RNA_060322_T19_3.2x_rep0005.tif,19,5,6.065,3amb,3,amb,5,357
6/3/22,3,28,Height,Pcod_OA_RNA_060322_T19_3.2x_rep0005.tif,19,5,0.366,3amb,3,amb,5,357
6/3/22,3,28,Length,Pcod_OA_RNA_060322_T19_3.2x_rep0006.tif,19,6,6.688,3amb,3,amb,6,358
6/3/22,3,28,Height,Pcod_OA_RNA_060322_T19_3.2x_rep0006.tif,19,6,0.342,3amb,3,amb,6,358
6/3/22,3,28,Length,Pcod_OA_RNA_060322_T19_3.2x_rep0007.tif,19,7,6.008,3amb,3,amb,7,359
6/3/22,3,28,Height,Pcod_OA_RNA_060322_T19_3.2x_rep0007.tif,19,7,0.353,3amb,3,amb,7,359
6/3/22,3,28,Length,Pcod_OA_RNA_060322_T19_3.2x_rep0008.tif,19,8,6.987,3amb,3,amb,8,360
6/3/22,3,28,Height,Pcod_OA_RNA_060322_T19_3.2x_rep0008.tif,19,8,0.369,3amb,3,amb,8,360
6/3/22,3,28,Length,Pcod_OA_RNA_060322_T19_3.2x_rep0009.tif,19,9,6.882,3amb,3,amb,9,361
6/3/22,3,28,Height,Pcod_OA_RNA_060322_T19_3.2x_rep0009.tif,19,9,0.394,3amb,3,amb,9,361
6/3/22,3,28,Length,Pcod_OA_RNA_060322_T19_3.2x_rep0010.tif,19,10,5.989,3amb,3,amb,10,362
6/3/22,3,28,Height,Pcod_OA_RNA_060322_T19_3.2x_rep0010.tif,19,10,0.275,3amb,3,amb,10,362
6/3/22,3,28,Length,Pcod_OA_RNA_060322_T19_3.2x_rep0011.tif,19,11,6.546,3amb,3,amb,11,363
6/3/22,3,28,Height,Pcod_OA_RNA_060322_T19_3.2x_rep0011.tif,19,11,0.325,3amb,3,amb,11,363
6/3/22,3,28,Length,Pcod_OA_RNA_060322_T19_3.2x_rep0012.tif,19,12,5.443,3amb,3,amb,12,364
6/3/22,3,28,Height,Pcod_OA_RNA_060322_T19_3.2x_rep0012.tif,19,12,0.282,3amb,3,amb,12,364
6/3/22,3,28,Length,Pcod_OA_RNA_060322_T19_3.2x_rep0013.tif,19,13,6.739,3amb,3,amb,13,365
6/3/22,3,28,Height,Pcod_OA_RNA_060322_T19_3.2x_rep0013.tif,19,13,0.334,3amb,3,amb,13,365
6/3/22,3,28,Length,Pcod_OA_RNA_060322_T19_3.2x_rep0014.tif,19,14,7.444,3amb,3,amb,14,366
6/3/22,3,28,Height,Pcod_OA_RNA_060322_T19_3.2x_rep0014.tif,19,14,0.403,3amb,3,amb,14,366
6/3/22,3,28,Length,Pcod_OA_RNA_060322_T19_3.2x_rep0015.tif,19,15,7.264,3amb,3,amb,15,367
6/3/22,3,28,Height,Pcod_OA_RNA_060322_T19_3.2x_rep0015.tif,19,15,0.407,3amb,3,amb,15,367
6/3/22,3,28,Length,Pcod_OA_RNA_060322_T21_3.2x_rep0001.tif,21,1,7.065,3low,3,low,1,318
6/3/22,3,28,Height,Pcod_OA_RNA_060322_T21_3.2x_rep0001.tif,21,1,0.398,3low,3,low,1,318
6/3/22,3,28,Length,Pcod_OA_RNA_060322_T21_3.2x_rep0002.tif,21,2,6.792,3low,3,low,2,319
6/3/22,3,28,Height,Pcod_OA_RNA_060322_T21_3.2x_rep0002.tif,21,2,0.373,3low,3,low,2,319
6/3/22,3,28,Length,Pcod_OA_RNA_060322_T21_3.2x_rep0003.tif,21,3,7.107,3low,3,low,3,320
6/3/22,3,28,Height,Pcod_OA_RNA_060322_T21_3.2x_rep0003.tif,21,3,0.383,3low,3,low,3,320
6/3/22,3,28,Length,Pcod_OA_RNA_060322_T21_3.2x_rep0004.tif,21,4,7.061,3low,3,low,4,321
6/3/22,3,28,Height,Pcod_OA_RNA_060322_T21_3.2x_rep0004.tif,21,4,0.362,3low,3,low,4,321
6/3/22,3,28,Length,Pcod_OA_RNA_060322_T21_3.2x_rep0005.tif,21,5,7.138,3low,3,low,5,322
6/3/22,3,28,Height,Pcod_OA_RNA_060322_T21_3.2x_rep0005.tif,21,5,0.394,3low,3,low,5,322
6/3/22,3,28,Length,Pcod_OA_RNA_060322_T21_3.2x_rep0006.tif,21,6,7.206,3low,3,low,6,323
6/3/22,3,28,Height,Pcod_OA_RNA_060322_T21_3.2x_rep0006.tif,21,6,0.409,3low,3,low,6,323
6/3/22,3,28,Length,Pcod_OA_RNA_060322_T21_3.2x_rep0007.tif,21,7,7.086,3low,3,low,7,324
6/3/22,3,28,Height,Pcod_OA_RNA_060322_T21_3.2x_rep0007.tif,21,7,0.36,3low,3,low,7,324
6/3/22,3,28,Length,Pcod_OA_RNA_060322_T21_3.2x_rep0008.tif,21,8,6.856,3low,3,low,8,325
6/3/22,3,28,Height,Pcod_OA_RNA_060322_T21_3.2x_rep0008.tif,21,8,0.377,3low,3,low,8,325
6/3/22,3,28,Length,Pcod_OA_RNA_060322_T21_3.2x_rep0009.tif,21,9,6.943,3low,3,low,9,326
6/3/22,3,28,Height,Pcod_OA_RNA_060322_T21_3.2x_rep0009.tif,21,9,0.349,3low,3,low,9,326
6/3/22,3,28,Length,Pcod_OA_RNA_060322_T21_3.2x_rep0010.tif,21,10,5.669,3low,3,low,10,327
6/3/22,3,28,Height,Pcod_OA_RNA_060322_T21_3.2x_rep0010.tif,21,10,0.331,3low,3,low,10,327
6/3/22,3,28,Length,Pcod_OA_RNA_060322_T21_3.2x_rep0011.tif,21,11,5.118,3low,3,low,11,328
6/3/22,3,28,Height,Pcod_OA_RNA_060322_T21_3.2x_rep0011.tif,21,11,0.257,3low,3,low,11,328
6/3/22,3,28,Length,Pcod_OA_RNA_060322_T21_3.2x_rep0012.tif,21,12,6.829,3low,3,low,12,329
6/3/22,3,28,Height,Pcod_OA_RNA_060322_T21_3.2x_rep0012.tif,21,12,0.376,3low,3,low,12,329
6/3/22,3,28,Length,Pcod_OA_RNA_060322_T21_3.2x_rep0013.tif,21,13,7.463,3low,3,low,13,330
6/3/22,3,28,Height,Pcod_OA_RNA_060322_T21_3.2x_rep0013.tif,21,13,0.42,3low,3,low,13,330
6/3/22,3,28,Length,Pcod_OA_RNA_060322_T21_3.2x_rep0014.tif,21,14,7.225,3low,3,low,14,331
6/3/22,3,28,Height,Pcod_OA_RNA_060322_T21_3.2x_rep0014.tif,21,14,0.37,3low,3,low,14,331
6/3/22,3,28,Length,Pcod_OA_RNA_060322_T21_3.2x_rep0015.tif,21,15,5.637,3low,3,low,15,332
6/3/22,3,28,Height,Pcod_OA_RNA_060322_T21_3.2x_rep0015.tif,21,15,0.286,3low,3,low,15,332
6/3/22,3,28,Length,Pcod_OA_RNA_060322_T21_3.2x_rep0016.tif,21,16,6.042,3low,3,low,16,333
6/3/22,3,28,Height,Pcod_OA_RNA_060322_T21_3.2x_rep0016.tif,21,16,0.297,3low,3,low,16,333
6/3/22,3,28,Length,Pcod_OA_RNA_060322_T21_3.2x_rep0017.tif,21,17,6.351,3low,3,low,17,334
6/3/22,3,28,Height,Pcod_OA_RNA_060322_T21_3.2x_rep0017.tif,21,17,0.37,3low,3,low,17,334
6/3/22,3,28,Length,Pcod_OA_RNA_060322_T21_3.2x_rep0018.tif,21,18,6.313,3low,3,low,18,335
6/3/22,3,28,Height,Pcod_OA_RNA_060322_T21_3.2x_rep0018.tif,21,18,0.344,3low,3,low,18,335
