Date Collected,Temperature Treatment,Days post hatch,Measurement,File,Tank,Photo_number,Value (mm)
5/3/2022,10,11,Length,Pcod_OA_2022_T23_3.2x_Rep0001.tif,23,1,6.383
5/3/2022,10,11,Height,Pcod_OA_2022_T23_3.2x_Rep0001.tif,23,1,0.375
5/3/2022,10,11,Length,Pcod_OA_2022_T23_3.2x_Rep0002.tif,23,2,6.025
5/3/2022,10,11,Height,Pcod_OA_2022_T23_3.2x_Rep0002.tif,23,2,0.342
5/3/2022,10,11,Length,Pcod_OA_2022_T23_3.2x_Rep0003.tif,23,3,6.047
5/3/2022,10,11,Height,Pcod_OA_2022_T23_3.2x_Rep0003.tif,23,3,0.298
5/3/2022,10,11,Length,Pcod_OA_2022_T23_3.2x_Rep0004.tif,23,4,5.902
5/3/2022,10,11,Height,Pcod_OA_2022_T23_3.2x_Rep0004.tif,23,4,0.32
5/3/2022,10,11,Length,Pcod_OA_2022_T23_3.2x_Rep0005.tif,23,5,5.95
5/3/2022,10,11,Height,Pcod_OA_2022_T23_3.2x_Rep0005.tif,23,5,0.297
5/3/2022,10,11,Length,Pcod_OA_2022_T24_3.2x_Rep0001.tif,24,1,5.868
5/3/2022,10,11,Height,Pcod_OA_2022_T24_3.2x_Rep0001.tif,24,1,0.265
5/3/2022,10,11,Length,Pcod_OA_2022_T24_3.2x_Rep0002.tif,24,2,5.783
5/3/2022,10,11,Height,Pcod_OA_2022_T24_3.2x_Rep0002.tif,24,2,0.278
5/3/2022,10,11,Length,Pcod_OA_2022_T24_3.2x_Rep0003.tif,24,3,5.159
5/3/2022,10,11,Height,Pcod_OA_2022_T24_3.2x_Rep0003.tif,24,3,0.217
5/3/2022,10,11,Length,Pcod_OA_2022_T24_3.2x_Rep0004.tif,24,4,6.014
5/3/2022,10,11,Height,Pcod_OA_2022_T24_3.2x_Rep0004.tif,24,4,0.313
5/3/2022,10,11,Length,Pcod_OA_2022_T24_3.2x_Rep0005.tif,24,5,6.256
5/3/2022,10,11,Height,Pcod_OA_2022_T24_3.2x_Rep0005.tif,24,5,0.321
5/3/2022,10,11,Length,Pcod_OA_2022_T24_3.2x_Rep0006.tif,24,6,5.294
5/3/2022,10,11,Height,Pcod_OA_2022_T24_3.2x_Rep0006.tif,24,6,0.254
5/3/2022,10,11,Length,Pcod_OA_2022_T24_3.2x_Rep0007.tif,24,7,5.316
5/3/2022,10,11,Height,Pcod_OA_2022_T24_3.2x_Rep0007.tif,24,7,0.241
5/3/2022,10,11,Length,Pcod_OA_2022_T24_3.2x_Rep0008.tif,24,8,5.862
5/3/2022,10,11,Height,Pcod_OA_2022_T24_3.2x_Rep0008.tif,24,8,0.3
5/3/2022,10,11,Length,Pcod_OA_2022_T24_3.2x_Rep0009.tif,24,9,5.152
5/3/2022,10,11,Height,Pcod_OA_2022_T24_3.2x_Rep0009.tif,24,9,0.262
5/3/2022,10,11,Length,Pcod_OA_2022_T2_3.2x_Rep0001.tif,2,1,5.338
5/3/2022,10,11,Height,Pcod_OA_2022_T2_3.2x_Rep0001.tif,2,1,0.233
5/3/2022,10,11,Length,Pcod_OA_2022_T2_3.2x_Rep0002.tif,2,2,5.515
5/3/2022,10,11,Height,Pcod_OA_2022_T2_3.2x_Rep0002.tif,2,2,0.279
5/3/2022,10,11,Length,Pcod_OA_2022_T2_3.2x_Rep0003.tif,2,3,5.176
5/3/2022,10,11,Height,Pcod_OA_2022_T2_3.2x_Rep0003.tif,2,3,0.258
5/3/2022,10,11,Length,Pcod_OA_2022_T9_3.2x_Rep0001.tif,9,1,6.284
5/3/2022,10,11,Height,Pcod_OA_2022_T9_3.2x_Rep0001.tif,9,1,0.335
5/3/2022,10,11,Length,Pcod_OA_2022_T9_3.2x_Rep0002.tif,9,2,5.626
5/3/2022,10,11,Height,Pcod_OA_2022_T9_3.2x_Rep0002.tif,9,2,0.259
5/3/2022,10,11,Length,Pcod_OA_2022_T9_3.2x_Rep0003.tif,9,3,5.922
5/3/2022,10,11,Height,Pcod_OA_2022_T9_3.2x_Rep0003.tif,9,3,0.309
5/3/2022,10,11,Length,Pcod_OA_2022_T9_3.2x_Rep0004.tif,9,4,5.614
5/3/2022,10,11,Height,Pcod_OA_2022_T9_3.2x_Rep0004.tif,9,4,0.285
5/3/2022,10,11,Length,Pcod_OA_2022_T9_3.2x_Rep0005.tif,9,5,6.204
5/3/2022,10,11,Height,Pcod_OA_2022_T9_3.2x_Rep0005.tif,9,5,0.332
5/3/2022,10,11,Length,Pcod_OA_2022_T9_3.2x_Rep0006.tif,9,6,5.152
5/3/2022,10,11,Height,Pcod_OA_2022_T9_3.2x_Rep0006.tif,9,6,0.239
5/3/2022,10,11,Length,Pcod_OA_2022_T9_3.2x_Rep0007.tif,9,7,5.636
5/3/2022,10,11,Height,Pcod_OA_2022_T9_3.2x_Rep0007.tif,9,7,0.286
5/3/2022,10,11,Length,Pcod_OA_2022_T9_3.2x_Rep0008.tif,9,8,6.281
5/3/2022,10,11,Height,Pcod_OA_2022_T9_3.2x_Rep0008.tif,9,8,0.341
5/3/2022,10,11,Length,Pcod_OA_2022_T9_3.2x_Rep0009.tif,9,9,5.221
5/3/2022,10,11,Height,Pcod_OA_2022_T9_3.2x_Rep0009.tif,9,9,0.229
5/3/2022,10,11,Length,Pcod_OA_2022_T9_3.2x_Rep0010.tif,9,10,5.238
5/3/2022,10,11,Height,Pcod_OA_2022_T9_3.2x_Rep0010.tif,9,10,0.226
5/3/2022,10,11,Length,Pcod_OA_2022_T9_3.2x_Rep0011.tif,9,11,4.957
5/3/2022,10,11,Height,Pcod_OA_2022_T9_3.2x_Rep0011.tif,9,11,0.214
5/3/2022,10,11,Length,Pcod_OA_2022_T10_3.2x_Rep0001.tif,10,1,5.412
5/3/2022,10,11,Height,Pcod_OA_2022_T10_3.2x_Rep0001.tif,10,1,0.276
5/3/2022,10,11,Length,Pcod_OA_2022_T10_3.2x_Rep0002.tif,10,2,5.415
5/3/2022,10,11,Height,Pcod_OA_2022_T10_3.2x_Rep0002.tif,10,2,0.25
5/3/2022,10,11,Length,Pcod_OA_2022_T11_3.2x_Rep0001.tif,11,1,6.327
5/3/2022,10,11,Height,Pcod_OA_2022_T11_3.2x_Rep0001.tif,11,1,0.34
5/3/2022,10,11,Length,Pcod_OA_2022_T11_3.2x_Rep0002.tif,11,2,6.073
5/3/2022,10,11,Height,Pcod_OA_2022_T11_3.2x_Rep0002.tif,11,2,0.294
5/3/2022,10,11,Length,Pcod_OA_2022_T11_3.2x_Rep0003.tif,11,3,6.055
5/3/2022,10,11,Height,Pcod_OA_2022_T11_3.2x_Rep0003.tif,11,3,0.302
5/3/2022,10,11,Length,Pcod_OA_2022_T11_3.2x_Rep0004.tif,11,4,5.793
5/3/2022,10,11,Height,Pcod_OA_2022_T11_3.2x_Rep0004.tif,11,4,0.278
5/3/2022,10,11,Length,Pcod_OA_2022_T11_3.2x_Rep0005.tif,11,5,5.905
5/3/2022,10,11,Height,Pcod_OA_2022_T11_3.2x_Rep0005.tif,11,5,0.306
5/3/2022,10,11,Length,Pcod_OA_2022_T11_3.2x_Rep0006.tif,11,6,5.472
5/3/2022,10,11,Height,Pcod_OA_2022_T11_3.2x_Rep0006.tif,11,6,0.256
5/3/2022,10,11,Length,Pcod_OA_2022_T11_3.2x_Rep0007.tif,11,7,5.876
5/3/2022,10,11,Height,Pcod_OA_2022_T11_3.2x_Rep0007.tif,11,7,0.291
5/3/2022,10,11,Length,Pcod_OA_2022_T11_3.2x_Rep0008.tif,11,8,5.751
5/3/2022,10,11,Height,Pcod_OA_2022_T11_3.2x_Rep0008.tif,11,8,0.269
5/3/2022,10,11,Length,Pcod_OA_2022_T11_3.2x_Rep0009.tif,11,9,5.791
5/3/2022,10,11,Height,Pcod_OA_2022_T11_3.2x_Rep0009.tif,11,9,0.29
5/3/2022,10,11,Length,Pcod_OA_2022_T11_3.2x_Rep0010.tif,11,10,5.708
5/3/2022,10,11,Height,Pcod_OA_2022_T11_3.2x_Rep0010.tif,11,10,0.266
5/3/2022,10,11,Length,Pcod_OA_2022_T11_3.2x_Rep0011.tif,11,11,6.19
5/3/2022,10,11,Height,Pcod_OA_2022_T11_3.2x_Rep0011.tif,11,11,0.31
5/3/2022,10,11,Length,Pcod_OA_2022_T11_3.2x_Rep0012.tif,11,12,5.731
5/3/2022,10,11,Height,Pcod_OA_2022_T11_3.2x_Rep0012.tif,11,12,0.268
5/3/2022,10,11,Length,Pcod_OA_2022_T11_3.2x_Rep0013.tif,11,13,5.847
5/3/2022,10,11,Height,Pcod_OA_2022_T11_3.2x_Rep0013.tif,11,13,0.285
5/3/2022,10,11,Length,Pcod_OA_2022_T11_3.2x_Rep0014.tif,11,14,6.093
5/3/2022,10,11,Height,Pcod_OA_2022_T11_3.2x_Rep0014.tif,11,14,0.307
5/3/2022,10,11,Length,Pcod_OA_2022_T11_3.2x_Rep0015.tif,11,15,5.754
5/3/2022,10,11,Height,Pcod_OA_2022_T11_3.2x_Rep0015.tif,11,15,0.289
5/3/2022,10,11,Length,Pcod_OA_2022_T12_3.2x_Rep0001.tif,12,1,5.441
5/3/2022,10,11,Height,Pcod_OA_2022_T12_3.2x_Rep0001.tif,12,1,0.248
5/3/2022,10,11,Length,Pcod_OA_2022_T12_3.2x_Rep0002.tif,12,2,5.838
5/3/2022,10,11,Height,Pcod_OA_2022_T12_3.2x_Rep0002.tif,12,2,0.301
5/3/2022,10,11,Length,Pcod_OA_2022_T12_3.2x_Rep0003.tif,12,3,6.237
5/3/2022,10,11,Height,Pcod_OA_2022_T12_3.2x_Rep0003.tif,12,3,0.324
5/3/2022,10,11,Length,Pcod_OA_2022_T12_3.2x_Rep0004.tif,12,4,6.452
5/3/2022,10,11,Height,Pcod_OA_2022_T12_3.2x_Rep0004.tif,12,4,0.379
5/3/2022,10,11,Length,Pcod_OA_2022_T12_3.2x_Rep0005.tif,12,5,5.458
5/3/2022,10,11,Height,Pcod_OA_2022_T12_3.2x_Rep0005.tif,12,5,0.25
5/3/2022,10,11,Length,Pcod_OA_2022_T12_3.2x_Rep0006.tif,12,6,5.262
5/3/2022,10,11,Height,Pcod_OA_2022_T12_3.2x_Rep0006.tif,12,6,0.255
5/3/2022,10,11,Length,Pcod_OA_2022_T12_3.2x_Rep0007.tif,12,7,5.804
5/3/2022,10,11,Height,Pcod_OA_2022_T12_3.2x_Rep0007.tif,12,7,0.292
5/3/2022,10,11,Length,Pcod_OA_2022_T12_3.2x_Rep0008.tif,12,8,6.837
5/3/2022,10,11,Height,Pcod_OA_2022_T12_3.2x_Rep0008.tif,12,8,0.372
5/3/2022,10,11,Length,Pcod_OA_2022_T12_3.2x_Rep0009.tif,12,9,5.382
5/3/2022,10,11,Height,Pcod_OA_2022_T12_3.2x_Rep0009.tif,12,9,0.262
5/3/2022,10,11,Length,Pcod_OA_2022_T12_3.2x_Rep0010.tif,12,10,6.036
5/3/2022,10,11,Height,Pcod_OA_2022_T12_3.2x_Rep0010.tif,12,10,0.321
5/3/2022,10,11,Length,Pcod_OA_2022_T12_3.2x_Rep0011.tif,12,11,5.365
5/3/2022,10,11,Height,Pcod_OA_2022_T12_3.2x_Rep0011.tif,12,11,0.265
5/3/2022,10,11,Length,Pcod_OA_2022_T12_3.2x_Rep0012.tif,12,12,5.474
5/3/2022,10,11,Height,Pcod_OA_2022_T12_3.2x_Rep0012.tif,12,12,0.243
5/3/2022,10,11,Length,Pcod_OA_2022_T12_3.2x_Rep0013.tif,12,13,6.191
5/3/2022,10,11,Height,Pcod_OA_2022_T12_3.2x_Rep0013.tif,12,13,0.339
5/3/2022,10,11,Length,Pcod_OA_2022_T12_3.2x_Rep0014.tif,12,14,5.854
5/3/2022,10,11,Height,Pcod_OA_2022_T12_3.2x_Rep0014.tif,12,14,0.302
5/3/2022,10,11,Length,Pcod_OA_2022_T12_3.2x_Rep0015.tif,12,15,6.13
5/3/2022,10,11,Height,Pcod_OA_2022_T12_3.2x_Rep0015.tif,12,15,0.34
5/3/2022,10,11,Length,Pcod_OA_2022_T1_3.2x_Rep0001.tif,1,1,5.826
5/3/2022,10,11,Height,Pcod_OA_2022_T1_3.2x_Rep0001.tif,1,1,0.311
5/3/2022,10,11,Length,Pcod_OA_2022_T1_3.2x_Rep0002.tif,1,2,5.622
5/3/2022,10,11,Height,Pcod_OA_2022_T1_3.2x_Rep0002.tif,1,2,0.295
5/3/2022,10,11,Length,Pcod_OA_2022_T1_3.2x_Rep0003.tif,1,3,5.648
5/3/2022,10,11,Height,Pcod_OA_2022_T1_3.2x_Rep0003.tif,1,3,0.284
5/3/2022,10,11,Length,Pcod_OA_2022_T1_3.2x_Rep0004.tif,1,4,5.762
5/3/2022,10,11,Height,Pcod_OA_2022_T1_3.2x_Rep0004.tif,1,4,0.305
5/3/2022,10,11,Length,Pcod_OA_2022_T1_3.2x_Rep0005.tif,1,5,5.904
5/3/2022,10,11,Height,Pcod_OA_2022_T1_3.2x_Rep0005.tif,1,5,0.311
5/3/2022,10,11,Length,Pcod_OA_2022_T1_3.2x_Rep0006.tif,1,6,5.287
5/3/2022,10,11,Height,Pcod_OA_2022_T1_3.2x_Rep0006.tif,1,6,0.246
5/3/2022,10,11,Length,Pcod_OA_2022_T1_3.2x_Rep0007.tif,1,7,5.391
5/3/2022,10,11,Height,Pcod_OA_2022_T1_3.2x_Rep0007.tif,1,7,0.25
5/3/2022,10,11,Length,Pcod_OA_2022_T1_3.2x_Rep0008.tif,1,8,5.748
5/3/2022,10,11,Height,Pcod_OA_2022_T1_3.2x_Rep0008.tif,1,8,0.27
5/3/2022,10,11,Length,Pcod_OA_2022_T1_3.2x_Rep0009.tif,1,9,5.728
5/3/2022,10,11,Height,Pcod_OA_2022_T1_3.2x_Rep0009.tif,1,9,0.292
5/3/2022,10,11,Length,Pcod_OA_2022_T1_3.2x_Rep0010.tif,1,10,5.725
5/3/2022,10,11,Height,Pcod_OA_2022_T1_3.2x_Rep0010.tif,1,10,0.289
5/3/2022,10,11,Length,Pcod_OA_2022_T1_3.2x_Rep0011.tif,1,11,5.707
5/3/2022,10,11,Height,Pcod_OA_2022_T1_3.2x_Rep0011.tif,1,11,0.292
5/3/2022,10,11,Length,Pcod_OA_2022_T1_3.2x_Rep0012.tif,1,12,5.407
5/3/2022,10,11,Height,Pcod_OA_2022_T1_3.2x_Rep0012.tif,1,12,0.289
5/3/2022,10,11,Length,Pcod_OA_2022_T1_3.2x_Rep0013.tif,1,13,5.712
5/3/2022,10,11,Height,Pcod_OA_2022_T1_3.2x_Rep0013.tif,1,13,0.275
5/3/2022,10,11,Length,Pcod_OA_2022_T1_3.2x_Rep0014.tif,1,14,5.819
5/3/2022,10,11,Height,Pcod_OA_2022_T1_3.2x_Rep0014.tif,1,14,0.321
5/3/2022,10,11,Length,Pcod_OA_2022_T1_3.2x_Rep0015.tif,1,15,5.904
5/3/2022,10,11,Height,Pcod_OA_2022_T1_3.2x_Rep0015.tif,1,15,0.323
5/16/2022,6,19,Length,Pcod_OA_051622_3.2x_T3_rep0001.tif,3,1,7.001
5/16/2022,6,19,Height,Pcod_OA_051622_3.2x_T3_rep0001.tif,3,1,0.415
5/16/2022,6,19,Length,Pcod_OA_051622_3.2x_T3_rep0002.tif,3,2,5.557
5/16/2022,6,19,Height,Pcod_OA_051622_3.2x_T3_rep0002.tif,3,2,0.284
5/16/2022,6,19,Length,Pcod_OA_051622_3.2x_T3_rep0003.tif,3,3,6.695
5/16/2022,6,19,Height,Pcod_OA_051622_3.2x_T3_rep0003.tif,3,3,0.394
5/16/2022,6,19,Length,Pcod_OA_051622_3.2x_T3_rep0004.tif,3,4,7.125
5/16/2022,6,19,Height,Pcod_OA_051622_3.2x_T3_rep0004.tif,3,4,0.408
5/16/2022,6,19,Length,Pcod_OA_051622_3.2x_T3_rep0005.tif,3,5,6.677
5/16/2022,6,19,Height,Pcod_OA_051622_3.2x_T3_rep0005.tif,3,5,0.396
5/16/2022,6,19,Length,Pcod_OA_051622_3.2x_T3_rep0006.tif,3,6,6.757
5/16/2022,6,19,Height,Pcod_OA_051622_3.2x_T3_rep0006.tif,3,6,0.381
5/16/2022,6,19,Length,Pcod_OA_051622_3.2x_T3_rep0007.tif,3,7,6.68
5/16/2022,6,19,Height,Pcod_OA_051622_3.2x_T3_rep0007.tif,3,7,0.385
5/16/2022,6,19,Length,Pcod_OA_051622_3.2x_T3_rep0008.tif,3,8,7.18
5/16/2022,6,19,Height,Pcod_OA_051622_3.2x_T3_rep0008.tif,3,8,0.424
5/16/2022,6,19,Length,Pcod_OA_051622_3.2x_T3_rep0009.tif,3,9,5.798
5/16/2022,6,19,Height,Pcod_OA_051622_3.2x_T3_rep0009.tif,3,9,0.297
5/16/2022,6,19,Length,Pcod_OA_051622_3.2x_T3_rep0010.tif,3,10,5.44
5/16/2022,6,19,Height,Pcod_OA_051622_3.2x_T3_rep0010.tif,3,10,0.268
5/16/2022,6,19,Length,Pcod_OA_051622_3.2x_T4_rep0001.tif,4,1,7.147
5/16/2022,6,19,Height,Pcod_OA_051622_3.2x_T4_rep0001.tif,4,1,0.398
5/16/2022,6,19,Length,Pcod_OA_051622_3.2x_T4_rep0002.tif,4,2,6.994
5/16/2022,6,19,Height,Pcod_OA_051622_3.2x_T4_rep0002.tif,4,2,0.377
5/16/2022,6,19,Length,Pcod_OA_051622_3.2x_T4_rep0003.tif,4,3,6.598
5/16/2022,6,19,Height,Pcod_OA_051622_3.2x_T4_rep0003.tif,4,3,0.397
5/16/2022,6,19,Length,Pcod_OA_051622_3.2x_T4_rep0004.tif,4,4,7.49
5/16/2022,6,19,Height,Pcod_OA_051622_3.2x_T4_rep0004.tif,4,4,0.429
5/16/2022,6,19,Length,Pcod_OA_051622_3.2x_T4_rep0005.tif,4,5,6.522
5/16/2022,6,19,Height,Pcod_OA_051622_3.2x_T4_rep0005.tif,4,5,0.332
5/16/2022,6,19,Length,Pcod_OA_051622_3.2x_T4_rep0006.tif,4,6,7.012
5/16/2022,6,19,Height,Pcod_OA_051622_3.2x_T4_rep0006.tif,4,6,0.409
5/16/2022,6,19,Length,Pcod_OA_051622_3.2x_T4_rep0007.tif,4,7,6.869
5/16/2022,6,19,Height,Pcod_OA_051622_3.2x_T4_rep0007.tif,4,7,0.393
5/16/2022,6,19,Length,Pcod_OA_051622_3.2x_T4_rep0008.tif,4,8,6.597
5/16/2022,6,19,Height,Pcod_OA_051622_3.2x_T4_rep0008.tif,4,8,0.363
5/16/2022,6,19,Length,Pcod_OA_051622_3.2x_T4_rep0009.tif,4,9,6.359
5/16/2022,6,19,Height,Pcod_OA_051622_3.2x_T4_rep0009.tif,4,9,0.326
5/16/2022,6,19,Length,Pcod_OA_051622_3.2x_T4_rep0010.tif,4,10,5.728
5/16/2022,6,19,Height,Pcod_OA_051622_3.2x_T4_rep0010.tif,4,10,0.263
5/16/2022,6,19,Length,Pcod_OA_051622_3.2x_T7_rep0001.tif,7,1,7.188
5/16/2022,6,19,Height,Pcod_OA_051622_3.2x_T7_rep0001.tif,7,1,0.418
5/16/2022,6,19,Length,Pcod_OA_051622_3.2x_T7_rep0002.tif,7,2,5.661
5/16/2022,6,19,Height,Pcod_OA_051622_3.2x_T7_rep0002.tif,7,2,0.269
5/16/2022,6,19,Length,Pcod_OA_051622_3.2x_T7_rep0003.tif,7,3,7.178
5/16/2022,6,19,Height,Pcod_OA_051622_3.2x_T7_rep0003.tif,7,3,0.424
5/16/2022,6,19,Length,Pcod_OA_051622_3.2x_T7_rep0004.tif,7,4,6.811
5/16/2022,6,19,Height,Pcod_OA_051622_3.2x_T7_rep0004.tif,7,4,0.36
5/16/2022,6,19,Length,Pcod_OA_051622_3.2x_T7_rep0005.tif,7,5,7.183
5/16/2022,6,19,Height,Pcod_OA_051622_3.2x_T7_rep0005.tif,7,5,0.423
5/16/2022,6,19,Length,Pcod_OA_051622_3.2x_T7_rep0006.tif,7,6,6.642
5/16/2022,6,19,Height,Pcod_OA_051622_3.2x_T7_rep0006.tif,7,6,0.355
5/16/2022,6,19,Length,Pcod_OA_051622_3.2x_T7_rep0007.tif,7,7,6.491
5/16/2022,6,19,Height,Pcod_OA_051622_3.2x_T7_rep0007.tif,7,7,0.321
5/16/2022,6,19,Length,Pcod_OA_051622_3.2x_T7_rep0008.tif,7,8,7.199
5/16/2022,6,19,Height,Pcod_OA_051622_3.2x_T7_rep0008.tif,7,8,0.416
5/16/2022,6,19,Length,Pcod_OA_051622_3.2x_T7_rep0009.tif,7,9,7.313
5/16/2022,6,19,Height,Pcod_OA_051622_3.2x_T7_rep0009.tif,7,9,0.422
5/16/2022,6,19,Length,Pcod_OA_051622_3.2x_T7_rep0010.tif,7,10,6.672
5/16/2022,6,19,Height,Pcod_OA_051622_3.2x_T7_rep0010.tif,7,10,0.33
5/16/2022,6,19,Length,Pcod_OA_051622_3.2x_T7_rep0011.tif,7,11,5.848
5/16/2022,6,19,Height,Pcod_OA_051622_3.2x_T7_rep0011.tif,7,11,0.3
5/16/2022,6,19,Length,Pcod_OA_051622_3.2x_T8_rep0001.tif,8,1,6.097
5/16/2022,6,19,Height,Pcod_OA_051622_3.2x_T8_rep0001.tif,8,1,0.296
5/16/2022,6,19,Length,Pcod_OA_051622_3.2x_T8_rep0002.tif,8,2,7.428
5/16/2022,6,19,Height,Pcod_OA_051622_3.2x_T8_rep0002.tif,8,2,0.445
5/16/2022,6,19,Length,Pcod_OA_051622_3.2x_T8_rep0003.tif,8,3,6.214
5/16/2022,6,19,Height,Pcod_OA_051622_3.2x_T8_rep0003.tif,8,3,0.322
5/16/2022,6,19,Length,Pcod_OA_051622_3.2x_T8_rep0004.tif,8,4,7.118
5/16/2022,6,19,Height,Pcod_OA_051622_3.2x_T8_rep0004.tif,8,4,0.401
5/16/2022,6,19,Length,Pcod_OA_051622_3.2x_T8_rep0005.tif,8,5,6.185
5/16/2022,6,19,Height,Pcod_OA_051622_3.2x_T8_rep0005.tif,8,5,0.285
5/16/2022,6,19,Length,Pcod_OA_051622_3.2x_T8_rep0006.tif,8,6,7.533
5/16/2022,6,19,Height,Pcod_OA_051622_3.2x_T8_rep0006.tif,8,6,0.443
5/16/2022,6,19,Length,Pcod_OA_051622_3.2x_T8_rep0007.tif,8,7,6.695
5/16/2022,6,19,Height,Pcod_OA_051622_3.2x_T8_rep0007.tif,8,7,0.347
5/16/2022,6,19,Length,Pcod_OA_051622_3.2x_T8_rep0008.tif,8,8,7.488
5/16/2022,6,19,Height,Pcod_OA_051622_3.2x_T8_rep0008.tif,8,8,0.432
5/16/2022,6,19,Length,Pcod_OA_051622_3.2x_T8_rep0009.tif,8,9,6.708
5/16/2022,6,19,Height,Pcod_OA_051622_3.2x_T8_rep0009.tif,8,9,0.357
5/16/2022,6,19,Length,Pcod_OA_051622_3.2x_T8_rep0010.tif,8,10,5.631
5/16/2022,6,19,Height,Pcod_OA_051622_3.2x_T8_rep0010.tif,8,10,0.293
5/16/2022,6,19,Length,Pcod_OA_051622_3.2x_T8_rep0011.tif,8,11,6.277
5/16/2022,6,19,Height,Pcod_OA_051622_3.2x_T8_rep0011.tif,8,11,0.317
5/16/2022,6,19,Length,Pcod_OA_051622_3.2x_T15_rep0001.tif,15,1,7.097
5/16/2022,6,19,Height,Pcod_OA_051622_3.2x_T15_rep0001.tif,15,1,0.416
5/16/2022,6,19,Length,Pcod_OA_051622_3.2x_T15_rep0002.tif,15,2,7.284
5/16/2022,6,19,Height,Pcod_OA_051622_3.2x_T15_rep0002.tif,15,2,0.419
5/16/2022,6,19,Length,Pcod_OA_051622_3.2x_T15_rep0003.tif,15,3,7.038
5/16/2022,6,19,Height,Pcod_OA_051622_3.2x_T15_rep0003.tif,15,3,0.397
5/16/2022,6,19,Length,Pcod_OA_051622_3.2x_T15_rep0004.tif,15,4,6.735
5/16/2022,6,19,Height,Pcod_OA_051622_3.2x_T15_rep0004.tif,15,4,0.362
5/16/2022,6,19,Length,Pcod_OA_051622_3.2x_T15_rep0005.tif,15,5,6.493
5/16/2022,6,19,Height,Pcod_OA_051622_3.2x_T15_rep0005.tif,15,5,0.298
5/16/2022,6,19,Length,Pcod_OA_051622_3.2x_T15_rep0006.tif,15,6,6.85
5/16/2022,6,19,Height,Pcod_OA_051622_3.2x_T15_rep0006.tif,15,6,0.375
5/16/2022,6,19,Length,Pcod_OA_051622_3.2x_T15_rep0007.tif,15,7,6.737
5/16/2022,6,19,Height,Pcod_OA_051622_3.2x_T15_rep0007.tif,15,7,0.311
5/16/2022,6,19,Length,Pcod_OA_051622_3.2x_T15_rep0008.tif,15,8,5.873
5/16/2022,6,19,Height,Pcod_OA_051622_3.2x_T15_rep0008.tif,15,8,0.292
5/16/2022,6,19,Length,Pcod_OA_051622_3.2x_T15_rep0009.tif,15,9,5.906
5/16/2022,6,19,Height,Pcod_OA_051622_3.2x_T15_rep0009.tif,15,9,0.277
5/16/2022,6,19,Length,Pcod_OA_051622_3.2x_T15_rep0010.tif,15,10,6.046
5/16/2022,6,19,Height,Pcod_OA_051622_3.2x_T15_rep0010.tif,15,10,0.29
5/16/2022,6,19,Length,Pcod_OA_051622_3.2x_T16_rep0001.tif,16,1,6.509
5/16/2022,6,19,Height,Pcod_OA_051622_3.2x_T16_rep0001.tif,16,1,0.332
5/16/2022,6,19,Length,Pcod_OA_051622_3.2x_T16_rep0002.tif,16,2,5.996
5/16/2022,6,19,Height,Pcod_OA_051622_3.2x_T16_rep0002.tif,16,2,0.287
5/16/2022,6,19,Length,Pcod_OA_051622_3.2x_T16_rep0003.tif,16,3,7.252
5/16/2022,6,19,Height,Pcod_OA_051622_3.2x_T16_rep0003.tif,16,3,0.379
5/16/2022,6,19,Length,Pcod_OA_051622_3.2x_T16_rep0004.tif,16,4,5.974
5/16/2022,6,19,Height,Pcod_OA_051622_3.2x_T16_rep0004.tif,16,4,0.257
5/16/2022,6,19,Length,Pcod_OA_051622_3.2x_T16_rep0005.tif,16,5,6.272
5/16/2022,6,19,Height,Pcod_OA_051622_3.2x_T16_rep0005.tif,16,5,0.315
5/16/2022,6,19,Length,Pcod_OA_051622_3.2x_T16_rep0006.tif,16,6,6.116
5/16/2022,6,19,Height,Pcod_OA_051622_3.2x_T16_rep0006.tif,16,6,0.285
5/16/2022,6,19,Length,Pcod_OA_051622_3.2x_T16_rep0007.tif,16,7,6.828
5/16/2022,6,19,Height,Pcod_OA_051622_3.2x_T16_rep0007.tif,16,7,0.333
5/16/2022,6,19,Length,Pcod_OA_051622_3.2x_T16_rep0008.tif,16,8,6.764
5/16/2022,6,19,Height,Pcod_OA_051622_3.2x_T16_rep0008.tif,16,8,0.353
5/16/2022,6,19,Length,Pcod_OA_051622_3.2x_T16_rep0009.tif,16,9,5.987
5/16/2022,6,19,Height,Pcod_OA_051622_3.2x_T16_rep0009.tif,16,9,0.295
5/16/2022,6,19,Length,Pcod_OA_051622_3.2x_T16_rep0010.tif,16,10,6.623
5/16/2022,6,19,Height,Pcod_OA_051622_3.2x_T16_rep0010.tif,16,10,0.349
5/16/2022,6,19,Length,Pcod_OA_051622_3.2x_T17_rep0001.tif,17,1,7.013
5/16/2022,6,19,Height,Pcod_OA_051622_3.2x_T17_rep0001.tif,17,1,0.403
5/16/2022,6,19,Length,Pcod_OA_051622_3.2x_T17_rep0002.tif,17,2,5.684
5/16/2022,6,19,Height,Pcod_OA_051622_3.2x_T17_rep0002.tif,17,2,0.557
5/16/2022,6,19,Length,Pcod_OA_051622_3.2x_T17_rep0003.tif,17,3,6.556
5/16/2022,6,19,Height,Pcod_OA_051622_3.2x_T17_rep0003.tif,17,3,0.38
5/16/2022,6,19,Length,Pcod_OA_051622_3.2x_T17_rep0004.tif,17,4,7.071
5/16/2022,6,19,Height,Pcod_OA_051622_3.2x_T17_rep0004.tif,17,4,0.449
5/16/2022,6,19,Length,Pcod_OA_051622_3.2x_T17_rep0005.tif,17,5,6.851
5/16/2022,6,19,Height,Pcod_OA_051622_3.2x_T17_rep0005.tif,17,5,0.393
5/16/2022,6,19,Length,Pcod_OA_051622_3.2x_T17_rep0006.tif,17,6,6.754
5/16/2022,6,19,Height,Pcod_OA_051622_3.2x_T17_rep0006.tif,17,6,0.381
5/16/2022,6,19,Length,Pcod_OA_051622_3.2x_T17_rep0007.tif,17,7,5.953
5/16/2022,6,19,Height,Pcod_OA_051622_3.2x_T17_rep0007.tif,17,7,0.305
5/16/2022,6,19,Length,Pcod_OA_051622_3.2x_T17_rep0008.tif,17,8,6.926
5/16/2022,6,19,Height,Pcod_OA_051622_3.2x_T17_rep0008.tif,17,8,0.422
5/16/2022,6,19,Length,Pcod_OA_051622_3.2x_T17_rep0009.tif,17,9,6.678
5/16/2022,6,19,Height,Pcod_OA_051622_3.2x_T17_rep0009.tif,17,9,0.381
5/16/2022,6,19,Length,Pcod_OA_051622_3.2x_T17_rep0010.tif,17,10,7.422
5/16/2022,6,19,Height,Pcod_OA_051622_3.2x_T17_rep0010.tif,17,10,0.462
5/16/2022,6,19,Length,Pcod_OA_051622_3.2x_T18_rep0001.tif,18,1,6.457
5/16/2022,6,19,Height,Pcod_OA_051622_3.2x_T18_rep0001.tif,18,1,0.363
5/16/2022,6,19,Length,Pcod_OA_051622_3.2x_T18_rep0002.tif,18,2,6.104
5/16/2022,6,19,Height,Pcod_OA_051622_3.2x_T18_rep0002.tif,18,2,0.356
5/16/2022,6,19,Length,Pcod_OA_051622_3.2x_T18_rep0003.tif,18,3,6.655
5/16/2022,6,19,Height,Pcod_OA_051622_3.2x_T18_rep0003.tif,18,3,0.361
5/16/2022,6,19,Length,Pcod_OA_051622_3.2x_T18_rep0004.tif,18,4,7.222
5/16/2022,6,19,Height,Pcod_OA_051622_3.2x_T18_rep0004.tif,18,4,0.396
5/16/2022,6,19,Length,Pcod_OA_051622_3.2x_T18_rep0005.tif,18,5,5.629
5/16/2022,6,19,Height,Pcod_OA_051622_3.2x_T18_rep0005.tif,18,5,0.263
5/16/2022,6,19,Length,Pcod_OA_051622_3.2x_T18_rep0006.tif,18,6,5.937
5/16/2022,6,19,Height,Pcod_OA_051622_3.2x_T18_rep0006.tif,18,6,0.299
5/16/2022,6,19,Length,Pcod_OA_051622_3.2x_T18_rep0007.tif,18,7,7.641
5/16/2022,6,19,Height,Pcod_OA_051622_3.2x_T18_rep0007.tif,18,7,0.459
5/16/2022,6,19,Length,Pcod_OA_051622_3.2x_T18_rep0008.tif,18,8,6.701
5/16/2022,6,19,Height,Pcod_OA_051622_3.2x_T18_rep0008.tif,18,8,0.392
5/16/2022,6,19,Length,Pcod_OA_051622_3.2x_T18_rep0009.tif,18,9,5.737
5/16/2022,6,19,Height,Pcod_OA_051622_3.2x_T18_rep0009.tif,18,9,0.295
5/16/2022,6,19,Length,Pcod_OA_051622_3.2x_T18_rep0010.tif,18,10,6.331
5/16/2022,6,19,Height,Pcod_OA_051622_3.2x_T18_rep0010.tif,18,10,0.34
5/16/2022,6,19,Length,Pcod_OA_051622_3.2x_T18_rep0011.tif,18,11,6.854
5/16/2022,6,19,Height,Pcod_OA_051622_3.2x_T18_rep0011.tif,18,11,0.403
6/3/2022,3,28,Length,Pcod_OA_RNA_060222_T22_3.2x_rep0001.tif,22,1,6.557
6/3/2022,3,28,Height,Pcod_OA_RNA_060222_T22_3.2x_rep0001.tif,22,1,0.303
6/3/2022,3,28,Length,Pcod_OA_RNA_060222_T22_3.2x_rep0002.tif,22,2,6.904
6/3/2022,3,28,Height,Pcod_OA_RNA_060222_T22_3.2x_rep0002.tif,22,2,0.349
6/3/2022,3,28,Length,Pcod_OA_RNA_060222_T22_3.2x_rep0003.tif,22,3,6.043
6/3/2022,3,28,Height,Pcod_OA_RNA_060222_T22_3.2x_rep0003.tif,22,3,0.274
6/3/2022,3,28,Length,Pcod_OA_RNA_060222_T22_3.2x_rep0004.tif,22,4,6.129
6/3/2022,3,28,Height,Pcod_OA_RNA_060222_T22_3.2x_rep0004.tif,22,4,0.301
6/3/2022,3,28,Length,Pcod_OA_RNA_060222_T22_3.2x_rep0005.tif,22,5,6.762
6/3/2022,3,28,Height,Pcod_OA_RNA_060222_T22_3.2x_rep0005.tif,22,5,0.32
6/3/2022,3,28,Length,Pcod_OA_RNA_060222_T22_3.2x_rep0006.tif,22,6,7.16
6/3/2022,3,28,Height,Pcod_OA_RNA_060222_T22_3.2x_rep0006.tif,22,6,0.4
6/3/2022,3,28,Length,Pcod_OA_RNA_060222_T22_3.2x_rep0007.tif,22,7,6.475
6/3/2022,3,28,Height,Pcod_OA_RNA_060222_T22_3.2x_rep0007.tif,22,7,0.33
6/3/2022,3,28,Length,Pcod_OA_RNA_060222_T22_3.2x_rep0008.tif,22,8,6.641
6/3/2022,3,28,Height,Pcod_OA_RNA_060222_T22_3.2x_rep0008.tif,22,8,0.336
6/3/2022,3,28,Length,Pcod_OA_RNA_060222_T22_3.2x_rep0009.tif,22,9,7.367
6/3/2022,3,28,Height,Pcod_OA_RNA_060222_T22_3.2x_rep0009.tif,22,9,0.383
6/3/2022,3,28,Length,Pcod_OA_RNA_060222_T22_3.2x_rep0010.tif,22,10,7.095
6/3/2022,3,28,Height,Pcod_OA_RNA_060222_T22_3.2x_rep0010.tif,22,10,0.382
6/3/2022,3,28,Length,Pcod_OA_RNA_060222_T22_3.2x_rep0011.tif,22,11,6.63
6/3/2022,3,28,Height,Pcod_OA_RNA_060222_T22_3.2x_rep0011.tif,22,11,0.345
6/3/2022,3,28,Length,Pcod_OA_RNA_060222_T22_3.2x_rep0012.tif,22,12,6.099
6/3/2022,3,28,Height,Pcod_OA_RNA_060222_T22_3.2x_rep0012.tif,22,12,0.304
6/3/2022,3,28,Length,Pcod_OA_RNA_060222_T22_3.2x_rep0013.tif,22,13,6.589
6/3/2022,3,28,Height,Pcod_OA_RNA_060222_T22_3.2x_rep0013.tif,22,13,0.363
6/3/2022,3,28,Length,Pcod_OA_RNA_060222_T22_3.2x_rep0014.tif,22,14,6.758
6/3/2022,3,28,Height,Pcod_OA_RNA_060222_T22_3.2x_rep0014.tif,22,14,0.335
6/3/2022,3,28,Length,Pcod_OA_RNA_060222_T22_3.2x_rep0015.tif,22,15,6.659
6/3/2022,3,28,Height,Pcod_OA_RNA_060222_T22_3.2x_rep0015.tif,22,15,0.323
6/3/2022,3,28,Length,Pcod_OA_RNA_060322_T13_3.2x_rep0001.tif,13,1,6.041
6/3/2022,3,28,Height,Pcod_OA_RNA_060322_T13_3.2x_rep0001.tif,13,1,0.357
6/3/2022,3,28,Length,Pcod_OA_RNA_060322_T13_3.2x_rep0002.tif,13,2,6.52
6/3/2022,3,28,Height,Pcod_OA_RNA_060322_T13_3.2x_rep0002.tif,13,2,0.323
6/3/2022,3,28,Length,Pcod_OA_RNA_060322_T13_3.2x_rep0003.tif,13,3,6.563
6/3/2022,3,28,Height,Pcod_OA_RNA_060322_T13_3.2x_rep0003.tif,13,3,0.326
6/3/2022,3,28,Length,Pcod_OA_RNA_060322_T13_3.2x_rep0004.tif,13,4,7.015
6/3/2022,3,28,Height,Pcod_OA_RNA_060322_T13_3.2x_rep0004.tif,13,4,0.375
6/3/2022,3,28,Length,Pcod_OA_RNA_060322_T13_3.2x_rep0005.tif,13,5,6.177
6/3/2022,3,28,Height,Pcod_OA_RNA_060322_T13_3.2x_rep0005.tif,13,5,0.295
6/3/2022,3,28,Length,Pcod_OA_RNA_060322_T13_3.2x_rep0006.tif,13,6,5.974
6/3/2022,3,28,Height,Pcod_OA_RNA_060322_T13_3.2x_rep0006.tif,13,6,0.34
6/3/2022,3,28,Length,Pcod_OA_RNA_060322_T13_3.2x_rep0007.tif,13,7,7.062
6/3/2022,3,28,Height,Pcod_OA_RNA_060322_T13_3.2x_rep0007.tif,13,7,0.35
6/3/2022,3,28,Length,Pcod_OA_RNA_060322_T13_3.2x_rep0008.tif,13,8,5.834
6/3/2022,3,28,Height,Pcod_OA_RNA_060322_T13_3.2x_rep0008.tif,13,8,0.331
6/3/2022,3,28,Length,Pcod_OA_RNA_060322_T13_3.2x_rep0009.tif,13,9,5.538
6/3/2022,3,28,Height,Pcod_OA_RNA_060322_T13_3.2x_rep0009.tif,13,9,0.276
6/3/2022,3,28,Length,Pcod_OA_RNA_060322_T13_3.2x_rep0010.tif,13,10,6.927
6/3/2022,3,28,Height,Pcod_OA_RNA_060322_T13_3.2x_rep0010.tif,13,10,0.378
6/3/2022,3,28,Length,Pcod_OA_RNA_060322_T13_3.2x_rep0011.tif,13,11,6.435
6/3/2022,3,28,Height,Pcod_OA_RNA_060322_T13_3.2x_rep0011.tif,13,11,0.347
6/3/2022,3,28,Length,Pcod_OA_RNA_060322_T13_3.2x_rep0012.tif,13,12,5.202
6/3/2022,3,28,Height,Pcod_OA_RNA_060322_T13_3.2x_rep0012.tif,13,12,0.247
6/3/2022,3,28,Length,Pcod_OA_RNA_060322_T13_3.2x_rep0013.tif,13,13,6.273
6/3/2022,3,28,Height,Pcod_OA_RNA_060322_T13_3.2x_rep0013.tif,13,13,0.291
6/3/2022,3,28,Length,Pcod_OA_RNA_060322_T13_3.2x_rep0014.tif,13,14,5.828
6/3/2022,3,28,Height,Pcod_OA_RNA_060322_T13_3.2x_rep0014.tif,13,14,0.315
6/3/2022,3,28,Length,Pcod_OA_RNA_060322_T14_3.2x_rep0001.tif,14,1,6.787
6/3/2022,3,28,Height,Pcod_OA_RNA_060322_T14_3.2x_rep0001.tif,14,1,0.32
6/3/2022,3,28,Length,Pcod_OA_RNA_060322_T14_3.2x_rep0002.tif,14,2,6.474
6/3/2022,3,28,Height,Pcod_OA_RNA_060322_T14_3.2x_rep0002.tif,14,2,0.327
6/3/2022,3,28,Length,Pcod_OA_RNA_060322_T14_3.2x_rep0003.tif,14,3,6.523
6/3/2022,3,28,Height,Pcod_OA_RNA_060322_T14_3.2x_rep0003.tif,14,3,0.352
6/3/2022,3,28,Length,Pcod_OA_RNA_060322_T14_3.2x_rep0004.tif,14,4,6.112
6/3/2022,3,28,Height,Pcod_OA_RNA_060322_T14_3.2x_rep0004.tif,14,4,0.316
6/3/2022,3,28,Length,Pcod_OA_RNA_060322_T14_3.2x_rep0005.tif,14,5,6.966
6/3/2022,3,28,Height,Pcod_OA_RNA_060322_T14_3.2x_rep0005.tif,14,5,0.372
6/3/2022,3,28,Length,Pcod_OA_RNA_060322_T14_3.2x_rep0006.tif,14,6,6.54
6/3/2022,3,28,Height,Pcod_OA_RNA_060322_T14_3.2x_rep0006.tif,14,6,0.321
6/3/2022,3,28,Length,Pcod_OA_RNA_060322_T14_3.2x_rep0007.tif,14,7,7.356
6/3/2022,3,28,Height,Pcod_OA_RNA_060322_T14_3.2x_rep0007.tif,14,7,0.375
6/3/2022,3,28,Length,Pcod_OA_RNA_060322_T14_3.2x_rep0008.tif,14,8,7.444
6/3/2022,3,28,Height,Pcod_OA_RNA_060322_T14_3.2x_rep0008.tif,14,8,0.398
6/3/2022,3,28,Length,Pcod_OA_RNA_060322_T14_3.2x_rep0009.tif,14,9,6.302
6/3/2022,3,28,Height,Pcod_OA_RNA_060322_T14_3.2x_rep0009.tif,14,9,0.287
6/3/2022,3,28,Length,Pcod_OA_RNA_060322_T14_3.2x_rep0010.tif,14,10,5.46
6/3/2022,3,28,Height,Pcod_OA_RNA_060322_T14_3.2x_rep0010.tif,14,10,0.314
6/3/2022,3,28,Length,Pcod_OA_RNA_060322_T14_3.2x_rep0011.tif,14,11,7.245
6/3/2022,3,28,Height,Pcod_OA_RNA_060322_T14_3.2x_rep0011.tif,14,11,0.376
6/3/2022,3,28,Length,Pcod_OA_RNA_060322_T14_3.2x_rep0012.tif,14,12,7.127
6/3/2022,3,28,Height,Pcod_OA_RNA_060322_T14_3.2x_rep0012.tif,14,12,0.374
6/3/2022,3,28,Length,Pcod_OA_RNA_060322_T14_3.2x_rep0013.tif,14,13,5.788
6/3/2022,3,28,Height,Pcod_OA_RNA_060322_T14_3.2x_rep0013.tif,14,13,0.3
6/3/2022,3,28,Length,Pcod_OA_RNA_060322_T14_3.2x_rep0014.tif,14,14,6.339
6/3/2022,3,28,Height,Pcod_OA_RNA_060322_T14_3.2x_rep0014.tif,14,14,0.345
6/3/2022,3,28,Length,Pcod_OA_RNA_060322_T14_3.2x_rep0015.tif,14,15,7.251
6/3/2022,3,28,Height,Pcod_OA_RNA_060322_T14_3.2x_rep0015.tif,14,15,0.382
6/3/2022,3,28,Length,Pcod_OA_RNA_060322_T14_3.2x_rep0016.tif,14,16,6.253
6/3/2022,3,28,Height,Pcod_OA_RNA_060322_T14_3.2x_rep0016.tif,14,16,0.348
6/3/2022,3,28,Length,Pcod_OA_RNA_060322_T14_3.2x_rep0017.tif,14,17,6.119
6/3/2022,3,28,Height,Pcod_OA_RNA_060322_T14_3.2x_rep0017.tif,14,17,0.308
6/3/2022,3,28,Length,Pcod_OA_RNA_060322_T19_3.2x_rep0001.tif,19,1,6.719
6/3/2022,3,28,Height,Pcod_OA_RNA_060322_T19_3.2x_rep0001.tif,19,1,0.359
6/3/2022,3,28,Length,Pcod_OA_RNA_060322_T19_3.2x_rep0002.tif,19,2,7.025
6/3/2022,3,28,Height,Pcod_OA_RNA_060322_T19_3.2x_rep0002.tif,19,2,0.394
6/3/2022,3,28,Length,Pcod_OA_RNA_060322_T19_3.2x_rep0003.tif,19,3,6.399
6/3/2022,3,28,Height,Pcod_OA_RNA_060322_T19_3.2x_rep0003.tif,19,3,0.305
6/3/2022,3,28,Length,Pcod_OA_RNA_060322_T19_3.2x_rep0004.tif,19,4,6.17
6/3/2022,3,28,Height,Pcod_OA_RNA_060322_T19_3.2x_rep0004.tif,19,4,0.299
6/3/2022,3,28,Length,Pcod_OA_RNA_060322_T19_3.2x_rep0005.tif,19,5,6.065
6/3/2022,3,28,Height,Pcod_OA_RNA_060322_T19_3.2x_rep0005.tif,19,5,0.366
6/3/2022,3,28,Length,Pcod_OA_RNA_060322_T19_3.2x_rep0006.tif,19,6,6.688
6/3/2022,3,28,Height,Pcod_OA_RNA_060322_T19_3.2x_rep0006.tif,19,6,0.342
6/3/2022,3,28,Length,Pcod_OA_RNA_060322_T19_3.2x_rep0007.tif,19,7,6.008
6/3/2022,3,28,Height,Pcod_OA_RNA_060322_T19_3.2x_rep0007.tif,19,7,0.353
6/3/2022,3,28,Length,Pcod_OA_RNA_060322_T19_3.2x_rep0008.tif,19,8,6.987
6/3/2022,3,28,Height,Pcod_OA_RNA_060322_T19_3.2x_rep0008.tif,19,8,0.369
6/3/2022,3,28,Length,Pcod_OA_RNA_060322_T19_3.2x_rep0009.tif,19,9,6.882
6/3/2022,3,28,Height,Pcod_OA_RNA_060322_T19_3.2x_rep0009.tif,19,9,0.394
6/3/2022,3,28,Length,Pcod_OA_RNA_060322_T19_3.2x_rep0010.tif,19,10,5.989
6/3/2022,3,28,Height,Pcod_OA_RNA_060322_T19_3.2x_rep0010.tif,19,10,0.275
6/3/2022,3,28,Length,Pcod_OA_RNA_060322_T19_3.2x_rep0011.tif,19,11,6.546
6/3/2022,3,28,Height,Pcod_OA_RNA_060322_T19_3.2x_rep0011.tif,19,11,0.325
6/3/2022,3,28,Length,Pcod_OA_RNA_060322_T19_3.2x_rep0012.tif,19,12,5.443
6/3/2022,3,28,Height,Pcod_OA_RNA_060322_T19_3.2x_rep0012.tif,19,12,0.282
6/3/2022,3,28,Length,Pcod_OA_RNA_060322_T19_3.2x_rep0013.tif,19,13,6.739
6/3/2022,3,28,Height,Pcod_OA_RNA_060322_T19_3.2x_rep0013.tif,19,13,0.334
6/3/2022,3,28,Length,Pcod_OA_RNA_060322_T19_3.2x_rep0014.tif,19,14,7.444
6/3/2022,3,28,Height,Pcod_OA_RNA_060322_T19_3.2x_rep0014.tif,19,14,0.403
6/3/2022,3,28,Length,Pcod_OA_RNA_060322_T19_3.2x_rep0015.tif,19,15,7.264
6/3/2022,3,28,Height,Pcod_OA_RNA_060322_T19_3.2x_rep0015.tif,19,15,0.407
6/3/2022,3,28,Length,Pcod_OA_RNA_060322_T21_3.2x_rep0001.tif,21,1,7.065
6/3/2022,3,28,Height,Pcod_OA_RNA_060322_T21_3.2x_rep0001.tif,21,1,0.398
6/3/2022,3,28,Length,Pcod_OA_RNA_060322_T21_3.2x_rep0002.tif,21,2,6.792
6/3/2022,3,28,Height,Pcod_OA_RNA_060322_T21_3.2x_rep0002.tif,21,2,0.373
6/3/2022,3,28,Length,Pcod_OA_RNA_060322_T21_3.2x_rep0003.tif,21,3,7.107
6/3/2022,3,28,Height,Pcod_OA_RNA_060322_T21_3.2x_rep0003.tif,21,3,0.383
6/3/2022,3,28,Length,Pcod_OA_RNA_060322_T21_3.2x_rep0004.tif,21,4,7.061
6/3/2022,3,28,Height,Pcod_OA_RNA_060322_T21_3.2x_rep0004.tif,21,4,0.362
6/3/2022,3,28,Length,Pcod_OA_RNA_060322_T21_3.2x_rep0005.tif,21,5,7.138
6/3/2022,3,28,Height,Pcod_OA_RNA_060322_T21_3.2x_rep0005.tif,21,5,0.394
6/3/2022,3,28,Length,Pcod_OA_RNA_060322_T21_3.2x_rep0006.tif,21,6,7.206
6/3/2022,3,28,Height,Pcod_OA_RNA_060322_T21_3.2x_rep0006.tif,21,6,0.409
6/3/2022,3,28,Length,Pcod_OA_RNA_060322_T21_3.2x_rep0007.tif,21,7,7.086
6/3/2022,3,28,Height,Pcod_OA_RNA_060322_T21_3.2x_rep0007.tif,21,7,0.36
6/3/2022,3,28,Length,Pcod_OA_RNA_060322_T21_3.2x_rep0008.tif,21,8,6.856
6/3/2022,3,28,Height,Pcod_OA_RNA_060322_T21_3.2x_rep0008.tif,21,8,0.377
6/3/2022,3,28,Length,Pcod_OA_RNA_060322_T21_3.2x_rep0009.tif,21,9,6.943
6/3/2022,3,28,Height,Pcod_OA_RNA_060322_T21_3.2x_rep0009.tif,21,9,0.349
6/3/2022,3,28,Length,Pcod_OA_RNA_060322_T21_3.2x_rep0010.tif,21,10,5.669
6/3/2022,3,28,Height,Pcod_OA_RNA_060322_T21_3.2x_rep0010.tif,21,10,0.331
6/3/2022,3,28,Length,Pcod_OA_RNA_060322_T21_3.2x_rep0011.tif,21,11,5.118
6/3/2022,3,28,Height,Pcod_OA_RNA_060322_T21_3.2x_rep0011.tif,21,11,0.257
6/3/2022,3,28,Length,Pcod_OA_RNA_060322_T21_3.2x_rep0012.tif,21,12,6.829
6/3/2022,3,28,Height,Pcod_OA_RNA_060322_T21_3.2x_rep0012.tif,21,12,0.376
6/3/2022,3,28,Length,Pcod_OA_RNA_060322_T21_3.2x_rep0013.tif,21,13,7.463
6/3/2022,3,28,Height,Pcod_OA_RNA_060322_T21_3.2x_rep0013.tif,21,13,0.42
6/3/2022,3,28,Length,Pcod_OA_RNA_060322_T21_3.2x_rep0014.tif,21,14,7.225
6/3/2022,3,28,Height,Pcod_OA_RNA_060322_T21_3.2x_rep0014.tif,21,14,0.37
6/3/2022,3,28,Length,Pcod_OA_RNA_060322_T21_3.2x_rep0015.tif,21,15,5.637
6/3/2022,3,28,Height,Pcod_OA_RNA_060322_T21_3.2x_rep0015.tif,21,15,0.286
6/3/2022,3,28,Length,Pcod_OA_RNA_060322_T21_3.2x_rep0016.tif,21,16,6.042
6/3/2022,3,28,Height,Pcod_OA_RNA_060322_T21_3.2x_rep0016.tif,21,16,0.297
6/3/2022,3,28,Length,Pcod_OA_RNA_060322_T21_3.2x_rep0017.tif,21,17,6.351
6/3/2022,3,28,Height,Pcod_OA_RNA_060322_T21_3.2x_rep0017.tif,21,17,0.37
6/3/2022,3,28,Length,Pcod_OA_RNA_060322_T21_3.2x_rep0018.tif,21,18,6.313
6/3/2022,3,28,Height,Pcod_OA_RNA_060322_T21_3.2x_rep0018.tif,21,18,0.344